run_name,trajectory_id,point_index,config_file
sa_morris_t01_p00,1,0,workspace/sensitivity/config/generated/sa_morris_t01_p00.yaml
sa_morris_t01_p01,1,1,workspace/sensitivity/config/generated/sa_morris_t01_p01.yaml
sa_morris_t01_p02,1,2,workspace/sensitivity/config/generated/sa_morris_t01_p02.yaml
sa_morris_t01_p03,1,3,workspace/sensitivity/config/generated/sa_morris_t01_p03.yaml
sa_morris_t01_p04,1,4,workspace/sensitivity/config/generated/sa_morris_t01_p04.yaml
sa_morris_t02_p00,2,0,workspace/sensitivity/config/generated/sa_morris_t02_p00.yaml
sa_morris_t02_p01,2,1,workspace/sensitivity/config/generated/sa_morris_t02_p01.yaml
sa_morris_t02_p02,2,2,workspace/sensitivity/config/generated/sa_morris_t02_p02.yaml
sa_morris_t02_p03,2,3,workspace/sensitivity/config/generated/sa_morris_t02_p03.yaml
sa_morris_t02_p04,2,4,workspace/sensitivity/config/generated/sa_morris_t02_p04.yaml
sa_morris_t03_p00,3,0,workspace/sensitivity/config/generated/sa_morris_t03_p00.yaml
sa_morris_t03_p01,3,1,workspace/sensitivity/config/generated/sa_morris_t03_p01.yaml
sa_morris_t03_p02,3,2,workspace/sensitivity/config/generated/sa_morris_t03_p02.yaml
sa_morris_t03_p03,3,3,workspace/sensitivity/config/generated/sa_morris_t03_p03.yaml
sa_morris_t03_p04,3,4,workspace/sensitivity/config/generated/sa_morris_t03_p04.yaml
sa_morris_t04_p00,4,0,workspace/sensitivity/config/generated/sa_morris_t04_p00.yaml
sa_morris_t04_p01,4,1,workspace/sensitivity/config/generated/sa_morris_t04_p01.yaml
sa_morris_t04_p02,4,2,workspace/sensitivity/config/generated/sa_morris_t04_p02.yaml
sa_morris_t04_p03,4,3,workspace/sensitivity/config/generated/sa_morris_t04_p03.yaml
sa_morris_t04_p04,4,4,workspace/sensitivity/config/generated/sa_morris_t04_p04.yaml
sa_morris_t05_p00,5,0,workspace/sensitivity/config/generated/sa_morris_t05_p00.yaml
sa_morris_t05_p01,5,1,workspace/sensitivity/config/generated/sa_morris_t05_p01.yaml
sa_morris_t05_p02,5,2,workspace/sensitivity/config/generated/sa_morris_t05_p02.yaml
sa_morris_t05_p03,5,3,workspace/sensitivity/config/generated/sa_morris_t05_p03.yaml
sa_morris_t05_p04,5,4,workspace/sensitivity/config/generated/sa_morris_t05_p04.yaml
sa_morris_t06_p00,6,0,workspace/sensitivity/config/generated/sa_morris_t06_p00.yaml
sa_morris_t06_p01,6,1,workspace/sensitivity/config/generated/sa_morris_t06_p01.yaml
sa_morris_t06_p02,6,2,workspace/sensitivity/config/generated/sa_morris_t06_p02.yaml
sa_morris_t06_p03,6,3,workspace/sensitivity/config/generated/sa_morris_t06_p03.yaml
sa_morris_t06_p04,6,4,workspace/sensitivity/config/generated/sa_morris_t06_p04.yaml
