timestamp,suite,run_name,replicate,seed,config_file,modules,data_profile,input_root,output_dir,log_file,status,error_message
2025-11-24T01:19:28,sensitivity,sa_morris_t01_p00,1,12345,workspace/sensitivity/config/generated/sa_morris_t01_p00.yaml,"anthroDisturbance_DataPrep,potentialResourcesNT_DataPrep,anthroDisturbance_Generator",preprocessed,data/raw,outputs/sensitivity/sa_morris_t01_p00/rep_001,scratch/sensitivity/sa_morris_t01_p00/rep_001.log,success,
2025-12-21T15:44:47,sensitivity,sa_morris_t01_p00,2,12346,workspace/sensitivity/config/generated/sa_morris_t01_p00.yaml,"anthroDisturbance_DataPrep,potentialResourcesNT_DataPrep,anthroDisturbance_Generator",preprocessed,data/raw,outputs/sensitivity/sa_morris_t01_p00/rep_002,scratch/sensitivity/sa_morris_t01_p00/rep_002.log,success,
2025-12-21T16:19:56,sensitivity,sa_morris_t01_p00,3,12347,workspace/sensitivity/config/generated/sa_morris_t01_p00.yaml,"anthroDisturbance_DataPrep,potentialResourcesNT_DataPrep,anthroDisturbance_Generator",preprocessed,data/raw,outputs/sensitivity/sa_morris_t01_p00/rep_003,scratch/sensitivity/sa_morris_t01_p00/rep_003.log,success,
2025-12-21T16:55:45,sensitivity,sa_morris_t01_p00,4,12348,workspace/sensitivity/config/generated/sa_morris_t01_p00.yaml,"anthroDisturbance_DataPrep,potentialResourcesNT_DataPrep,anthroDisturbance_Generator",preprocessed,data/raw,outputs/sensitivity/sa_morris_t01_p00/rep_004,scratch/sensitivity/sa_morris_t01_p00/rep_004.log,success,
2025-11-24T03:38:03,sensitivity,sa_morris_t01_p01,1,12349,workspace/sensitivity/config/generated/sa_morris_t01_p01.yaml,"anthroDisturbance_DataPrep,potentialResourcesNT_DataPrep,anthroDisturbance_Generator",preprocessed,data/raw,outputs/sensitivity/sa_morris_t01_p01/rep_001,scratch/sensitivity/sa_morris_t01_p01/rep_001.log,success,
2025-12-21T17:47:20,sensitivity,sa_morris_t01_p01,2,12350,workspace/sensitivity/config/generated/sa_morris_t01_p01.yaml,"anthroDisturbance_DataPrep,potentialResourcesNT_DataPrep,anthroDisturbance_Generator",preprocessed,data/raw,outputs/sensitivity/sa_morris_t01_p01/rep_002,scratch/sensitivity/sa_morris_t01_p01/rep_002.log,success,
2025-12-25T19:22:29,sensitivity,sa_morris_t01_p01,3,12351,workspace/sensitivity/config/generated/sa_morris_t01_p01.yaml,"anthroDisturbance_DataPrep,potentialResourcesNT_DataPrep,anthroDisturbance_Generator",preprocessed,data/raw,outputs/sensitivity/sa_morris_t01_p01/rep_003,scratch/sensitivity/sa_morris_t01_p01/rep_003.log,success,
2025-12-21T18:31:22,sensitivity,sa_morris_t01_p01,4,12352,workspace/sensitivity/config/generated/sa_morris_t01_p01.yaml,"anthroDisturbance_DataPrep,potentialResourcesNT_DataPrep,anthroDisturbance_Generator",preprocessed,data/raw,outputs/sensitivity/sa_morris_t01_p01/rep_004,scratch/sensitivity/sa_morris_t01_p01/rep_004.log,success,
2025-12-21T19:02:28,sensitivity,sa_morris_t01_p02,1,12353,workspace/sensitivity/config/generated/sa_morris_t01_p02.yaml,"anthroDisturbance_DataPrep,potentialResourcesNT_DataPrep,anthroDisturbance_Generator",preprocessed,data/raw,outputs/sensitivity/sa_morris_t01_p02/rep_001,scratch/sensitivity/sa_morris_t01_p02/rep_001.log,success,
2025-12-21T19:33:52,sensitivity,sa_morris_t01_p02,2,12354,workspace/sensitivity/config/generated/sa_morris_t01_p02.yaml,"anthroDisturbance_DataPrep,potentialResourcesNT_DataPrep,anthroDisturbance_Generator",preprocessed,data/raw,outputs/sensitivity/sa_morris_t01_p02/rep_002,scratch/sensitivity/sa_morris_t01_p02/rep_002.log,success,
2025-12-25T20:01:54,sensitivity,sa_morris_t01_p02,3,12355,workspace/sensitivity/config/generated/sa_morris_t01_p02.yaml,"anthroDisturbance_DataPrep,potentialResourcesNT_DataPrep,anthroDisturbance_Generator",preprocessed,data/raw,outputs/sensitivity/sa_morris_t01_p02/rep_003,scratch/sensitivity/sa_morris_t01_p02/rep_003.log,success,
2025-12-21T20:17:56,sensitivity,sa_morris_t01_p02,4,12356,workspace/sensitivity/config/generated/sa_morris_t01_p02.yaml,"anthroDisturbance_DataPrep,potentialResourcesNT_DataPrep,anthroDisturbance_Generator",preprocessed,data/raw,outputs/sensitivity/sa_morris_t01_p02/rep_004,scratch/sensitivity/sa_morris_t01_p02/rep_004.log,success,
2025-11-24T07:37:04,sensitivity,sa_morris_t01_p03,1,12357,workspace/sensitivity/config/generated/sa_morris_t01_p03.yaml,"anthroDisturbance_DataPrep,potentialResourcesNT_DataPrep,anthroDisturbance_Generator",preprocessed,data/raw,outputs/sensitivity/sa_morris_t01_p03/rep_001,scratch/sensitivity/sa_morris_t01_p03/rep_001.log,success,
2025-11-24T08:11:14,sensitivity,sa_morris_t01_p03,2,12358,workspace/sensitivity/config/generated/sa_morris_t01_p03.yaml,"anthroDisturbance_DataPrep,potentialResourcesNT_DataPrep,anthroDisturbance_Generator",preprocessed,data/raw,outputs/sensitivity/sa_morris_t01_p03/rep_002,scratch/sensitivity/sa_morris_t01_p03/rep_002.log,success,
2025-11-24T08:47:04,sensitivity,sa_morris_t01_p03,3,12359,workspace/sensitivity/config/generated/sa_morris_t01_p03.yaml,"anthroDisturbance_DataPrep,potentialResourcesNT_DataPrep,anthroDisturbance_Generator",preprocessed,data/raw,outputs/sensitivity/sa_morris_t01_p03/rep_003,scratch/sensitivity/sa_morris_t01_p03/rep_003.log,success,
2025-11-24T09:22:41,sensitivity,sa_morris_t01_p03,4,12360,workspace/sensitivity/config/generated/sa_morris_t01_p03.yaml,"anthroDisturbance_DataPrep,potentialResourcesNT_DataPrep,anthroDisturbance_Generator",preprocessed,data/raw,outputs/sensitivity/sa_morris_t01_p03/rep_004,scratch/sensitivity/sa_morris_t01_p03/rep_004.log,success,
2025-11-24T09:57:49,sensitivity,sa_morris_t01_p04,1,12361,workspace/sensitivity/config/generated/sa_morris_t01_p04.yaml,"anthroDisturbance_DataPrep,potentialResourcesNT_DataPrep,anthroDisturbance_Generator",preprocessed,data/raw,outputs/sensitivity/sa_morris_t01_p04/rep_001,scratch/sensitivity/sa_morris_t01_p04/rep_001.log,success,
2025-11-24T10:33:21,sensitivity,sa_morris_t01_p04,2,12362,workspace/sensitivity/config/generated/sa_morris_t01_p04.yaml,"anthroDisturbance_DataPrep,potentialResourcesNT_DataPrep,anthroDisturbance_Generator",preprocessed,data/raw,outputs/sensitivity/sa_morris_t01_p04/rep_002,scratch/sensitivity/sa_morris_t01_p04/rep_002.log,success,
2025-11-24T11:09:20,sensitivity,sa_morris_t01_p04,3,12363,workspace/sensitivity/config/generated/sa_morris_t01_p04.yaml,"anthroDisturbance_DataPrep,potentialResourcesNT_DataPrep,anthroDisturbance_Generator",preprocessed,data/raw,outputs/sensitivity/sa_morris_t01_p04/rep_003,scratch/sensitivity/sa_morris_t01_p04/rep_003.log,success,
2025-11-24T11:44:56,sensitivity,sa_morris_t01_p04,4,12364,workspace/sensitivity/config/generated/sa_morris_t01_p04.yaml,"anthroDisturbance_DataPrep,potentialResourcesNT_DataPrep,anthroDisturbance_Generator",preprocessed,data/raw,outputs/sensitivity/sa_morris_t01_p04/rep_004,scratch/sensitivity/sa_morris_t01_p04/rep_004.log,success,
2025-12-21T20:47:18,sensitivity,sa_morris_t01_p05,1,12365,workspace/sensitivity/config/generated/sa_morris_t01_p05.yaml,"anthroDisturbance_DataPrep,potentialResourcesNT_DataPrep,anthroDisturbance_Generator",preprocessed,data/raw,outputs/sensitivity/sa_morris_t01_p05/rep_001,scratch/sensitivity/sa_morris_t01_p05/rep_001.log,success,
2025-12-21T21:18:13,sensitivity,sa_morris_t01_p05,2,12366,workspace/sensitivity/config/generated/sa_morris_t01_p05.yaml,"anthroDisturbance_DataPrep,potentialResourcesNT_DataPrep,anthroDisturbance_Generator",preprocessed,data/raw,outputs/sensitivity/sa_morris_t01_p05/rep_002,scratch/sensitivity/sa_morris_t01_p05/rep_002.log,success,
2025-11-24T13:03:06,sensitivity,sa_morris_t01_p05,3,12367,workspace/sensitivity/config/generated/sa_morris_t01_p05.yaml,"anthroDisturbance_DataPrep,potentialResourcesNT_DataPrep,anthroDisturbance_Generator",preprocessed,data/raw,outputs/sensitivity/sa_morris_t01_p05/rep_003,scratch/sensitivity/sa_morris_t01_p05/rep_003.log,success,
2025-12-21T21:59:41,sensitivity,sa_morris_t01_p05,4,12368,workspace/sensitivity/config/generated/sa_morris_t01_p05.yaml,"anthroDisturbance_DataPrep,potentialResourcesNT_DataPrep,anthroDisturbance_Generator",preprocessed,data/raw,outputs/sensitivity/sa_morris_t01_p05/rep_004,scratch/sensitivity/sa_morris_t01_p05/rep_004.log,success,
2025-11-24T14:11:23,sensitivity,sa_morris_t02_p00,1,12365,workspace/sensitivity/config/generated/sa_morris_t02_p00.yaml,"anthroDisturbance_DataPrep,potentialResourcesNT_DataPrep,anthroDisturbance_Generator",preprocessed,data/raw,outputs/sensitivity/sa_morris_t02_p00/rep_001,scratch/sensitivity/sa_morris_t02_p00/rep_001.log,success,
2025-11-24T14:43:45,sensitivity,sa_morris_t02_p00,2,12366,workspace/sensitivity/config/generated/sa_morris_t02_p00.yaml,"anthroDisturbance_DataPrep,potentialResourcesNT_DataPrep,anthroDisturbance_Generator",preprocessed,data/raw,outputs/sensitivity/sa_morris_t02_p00/rep_002,scratch/sensitivity/sa_morris_t02_p00/rep_002.log,success,
2025-11-24T15:17:31,sensitivity,sa_morris_t02_p00,3,12367,workspace/sensitivity/config/generated/sa_morris_t02_p00.yaml,"anthroDisturbance_DataPrep,potentialResourcesNT_DataPrep,anthroDisturbance_Generator",preprocessed,data/raw,outputs/sensitivity/sa_morris_t02_p00/rep_003,scratch/sensitivity/sa_morris_t02_p00/rep_003.log,success,
2025-11-24T15:50:32,sensitivity,sa_morris_t02_p00,4,12368,workspace/sensitivity/config/generated/sa_morris_t02_p00.yaml,"anthroDisturbance_DataPrep,potentialResourcesNT_DataPrep,anthroDisturbance_Generator",preprocessed,data/raw,outputs/sensitivity/sa_morris_t02_p00/rep_004,scratch/sensitivity/sa_morris_t02_p00/rep_004.log,success,
2025-11-24T16:24:58,sensitivity,sa_morris_t02_p01,1,12369,workspace/sensitivity/config/generated/sa_morris_t02_p01.yaml,"anthroDisturbance_DataPrep,potentialResourcesNT_DataPrep,anthroDisturbance_Generator",preprocessed,data/raw,outputs/sensitivity/sa_morris_t02_p01/rep_001,scratch/sensitivity/sa_morris_t02_p01/rep_001.log,success,
2025-11-24T16:56:45,sensitivity,sa_morris_t02_p01,2,12370,workspace/sensitivity/config/generated/sa_morris_t02_p01.yaml,"anthroDisturbance_DataPrep,potentialResourcesNT_DataPrep,anthroDisturbance_Generator",preprocessed,data/raw,outputs/sensitivity/sa_morris_t02_p01/rep_002,scratch/sensitivity/sa_morris_t02_p01/rep_002.log,success,
2025-11-24T17:29:56,sensitivity,sa_morris_t02_p01,3,12371,workspace/sensitivity/config/generated/sa_morris_t02_p01.yaml,"anthroDisturbance_DataPrep,potentialResourcesNT_DataPrep,anthroDisturbance_Generator",preprocessed,data/raw,outputs/sensitivity/sa_morris_t02_p01/rep_003,scratch/sensitivity/sa_morris_t02_p01/rep_003.log,success,
2025-11-24T18:04:34,sensitivity,sa_morris_t02_p01,4,12372,workspace/sensitivity/config/generated/sa_morris_t02_p01.yaml,"anthroDisturbance_DataPrep,potentialResourcesNT_DataPrep,anthroDisturbance_Generator",preprocessed,data/raw,outputs/sensitivity/sa_morris_t02_p01/rep_004,scratch/sensitivity/sa_morris_t02_p01/rep_004.log,success,
2025-12-25T20:38:20,sensitivity,sa_morris_t02_p02,1,12373,workspace/sensitivity/config/generated/sa_morris_t02_p02.yaml,"anthroDisturbance_DataPrep,potentialResourcesNT_DataPrep,anthroDisturbance_Generator",preprocessed,data/raw,outputs/sensitivity/sa_morris_t02_p02/rep_001,scratch/sensitivity/sa_morris_t02_p02/rep_001.log,success,
2025-12-25T21:16:19,sensitivity,sa_morris_t02_p02,2,12374,workspace/sensitivity/config/generated/sa_morris_t02_p02.yaml,"anthroDisturbance_DataPrep,potentialResourcesNT_DataPrep,anthroDisturbance_Generator",preprocessed,data/raw,outputs/sensitivity/sa_morris_t02_p02/rep_002,scratch/sensitivity/sa_morris_t02_p02/rep_002.log,success,
2025-12-21T22:55:25,sensitivity,sa_morris_t02_p02,3,12375,workspace/sensitivity/config/generated/sa_morris_t02_p02.yaml,"anthroDisturbance_DataPrep,potentialResourcesNT_DataPrep,anthroDisturbance_Generator",preprocessed,data/raw,outputs/sensitivity/sa_morris_t02_p02/rep_003,scratch/sensitivity/sa_morris_t02_p02/rep_003.log,success,
2025-12-21T23:26:35,sensitivity,sa_morris_t02_p02,4,12376,workspace/sensitivity/config/generated/sa_morris_t02_p02.yaml,"anthroDisturbance_DataPrep,potentialResourcesNT_DataPrep,anthroDisturbance_Generator",preprocessed,data/raw,outputs/sensitivity/sa_morris_t02_p02/rep_004,scratch/sensitivity/sa_morris_t02_p02/rep_004.log,success,
2025-11-24T20:11:03,sensitivity,sa_morris_t02_p03,1,12377,workspace/sensitivity/config/generated/sa_morris_t02_p03.yaml,"anthroDisturbance_DataPrep,potentialResourcesNT_DataPrep,anthroDisturbance_Generator",preprocessed,data/raw,outputs/sensitivity/sa_morris_t02_p03/rep_001,scratch/sensitivity/sa_morris_t02_p03/rep_001.log,success,
2025-11-24T20:42:55,sensitivity,sa_morris_t02_p03,2,12378,workspace/sensitivity/config/generated/sa_morris_t02_p03.yaml,"anthroDisturbance_DataPrep,potentialResourcesNT_DataPrep,anthroDisturbance_Generator",preprocessed,data/raw,outputs/sensitivity/sa_morris_t02_p03/rep_002,scratch/sensitivity/sa_morris_t02_p03/rep_002.log,success,
2025-11-24T21:15:55,sensitivity,sa_morris_t02_p03,3,12379,workspace/sensitivity/config/generated/sa_morris_t02_p03.yaml,"anthroDisturbance_DataPrep,potentialResourcesNT_DataPrep,anthroDisturbance_Generator",preprocessed,data/raw,outputs/sensitivity/sa_morris_t02_p03/rep_003,scratch/sensitivity/sa_morris_t02_p03/rep_003.log,success,
2025-11-24T21:49:32,sensitivity,sa_morris_t02_p03,4,12380,workspace/sensitivity/config/generated/sa_morris_t02_p03.yaml,"anthroDisturbance_DataPrep,potentialResourcesNT_DataPrep,anthroDisturbance_Generator",preprocessed,data/raw,outputs/sensitivity/sa_morris_t02_p03/rep_004,scratch/sensitivity/sa_morris_t02_p03/rep_004.log,success,
2025-11-24T22:24:42,sensitivity,sa_morris_t02_p04,1,12381,workspace/sensitivity/config/generated/sa_morris_t02_p04.yaml,"anthroDisturbance_DataPrep,potentialResourcesNT_DataPrep,anthroDisturbance_Generator",preprocessed,data/raw,outputs/sensitivity/sa_morris_t02_p04/rep_001,scratch/sensitivity/sa_morris_t02_p04/rep_001.log,success,
2025-11-24T23:01:18,sensitivity,sa_morris_t02_p04,2,12382,workspace/sensitivity/config/generated/sa_morris_t02_p04.yaml,"anthroDisturbance_DataPrep,potentialResourcesNT_DataPrep,anthroDisturbance_Generator",preprocessed,data/raw,outputs/sensitivity/sa_morris_t02_p04/rep_002,scratch/sensitivity/sa_morris_t02_p04/rep_002.log,success,
2025-11-24T23:34:54,sensitivity,sa_morris_t02_p04,3,12383,workspace/sensitivity/config/generated/sa_morris_t02_p04.yaml,"anthroDisturbance_DataPrep,potentialResourcesNT_DataPrep,anthroDisturbance_Generator",preprocessed,data/raw,outputs/sensitivity/sa_morris_t02_p04/rep_003,scratch/sensitivity/sa_morris_t02_p04/rep_003.log,success,
2025-11-25T00:06:08,sensitivity,sa_morris_t02_p04,4,12384,workspace/sensitivity/config/generated/sa_morris_t02_p04.yaml,"anthroDisturbance_DataPrep,potentialResourcesNT_DataPrep,anthroDisturbance_Generator",preprocessed,data/raw,outputs/sensitivity/sa_morris_t02_p04/rep_004,scratch/sensitivity/sa_morris_t02_p04/rep_004.log,success,
2025-11-25T00:38:48,sensitivity,sa_morris_t02_p05,1,12389,workspace/sensitivity/config/generated/sa_morris_t02_p05.yaml,"anthroDisturbance_DataPrep,potentialResourcesNT_DataPrep,anthroDisturbance_Generator",preprocessed,data/raw,outputs/sensitivity/sa_morris_t02_p05/rep_001,scratch/sensitivity/sa_morris_t02_p05/rep_001.log,success,
2025-11-25T01:10:32,sensitivity,sa_morris_t02_p05,2,12390,workspace/sensitivity/config/generated/sa_morris_t02_p05.yaml,"anthroDisturbance_DataPrep,potentialResourcesNT_DataPrep,anthroDisturbance_Generator",preprocessed,data/raw,outputs/sensitivity/sa_morris_t02_p05/rep_002,scratch/sensitivity/sa_morris_t02_p05/rep_002.log,success,
2025-11-25T01:40:54,sensitivity,sa_morris_t02_p05,3,12391,workspace/sensitivity/config/generated/sa_morris_t02_p05.yaml,"anthroDisturbance_DataPrep,potentialResourcesNT_DataPrep,anthroDisturbance_Generator",preprocessed,data/raw,outputs/sensitivity/sa_morris_t02_p05/rep_003,scratch/sensitivity/sa_morris_t02_p05/rep_003.log,success,
2025-11-25T02:11:51,sensitivity,sa_morris_t02_p05,4,12392,workspace/sensitivity/config/generated/sa_morris_t02_p05.yaml,"anthroDisturbance_DataPrep,potentialResourcesNT_DataPrep,anthroDisturbance_Generator",preprocessed,data/raw,outputs/sensitivity/sa_morris_t02_p05/rep_004,scratch/sensitivity/sa_morris_t02_p05/rep_004.log,success,
2025-11-25T02:44:56,sensitivity,sa_morris_t03_p00,1,12385,workspace/sensitivity/config/generated/sa_morris_t03_p00.yaml,"anthroDisturbance_DataPrep,potentialResourcesNT_DataPrep,anthroDisturbance_Generator",preprocessed,data/raw,outputs/sensitivity/sa_morris_t03_p00/rep_001,scratch/sensitivity/sa_morris_t03_p00/rep_001.log,success,
2025-11-25T03:17:52,sensitivity,sa_morris_t03_p00,2,12386,workspace/sensitivity/config/generated/sa_morris_t03_p00.yaml,"anthroDisturbance_DataPrep,potentialResourcesNT_DataPrep,anthroDisturbance_Generator",preprocessed,data/raw,outputs/sensitivity/sa_morris_t03_p00/rep_002,scratch/sensitivity/sa_morris_t03_p00/rep_002.log,success,
2025-11-25T03:48:38,sensitivity,sa_morris_t03_p00,3,12387,workspace/sensitivity/config/generated/sa_morris_t03_p00.yaml,"anthroDisturbance_DataPrep,potentialResourcesNT_DataPrep,anthroDisturbance_Generator",preprocessed,data/raw,outputs/sensitivity/sa_morris_t03_p00/rep_003,scratch/sensitivity/sa_morris_t03_p00/rep_003.log,success,
2025-11-25T04:18:37,sensitivity,sa_morris_t03_p00,4,12388,workspace/sensitivity/config/generated/sa_morris_t03_p00.yaml,"anthroDisturbance_DataPrep,potentialResourcesNT_DataPrep,anthroDisturbance_Generator",preprocessed,data/raw,outputs/sensitivity/sa_morris_t03_p00/rep_004,scratch/sensitivity/sa_morris_t03_p00/rep_004.log,success,
2025-11-25T04:47:51,sensitivity,sa_morris_t03_p01,1,12389,workspace/sensitivity/config/generated/sa_morris_t03_p01.yaml,"anthroDisturbance_DataPrep,potentialResourcesNT_DataPrep,anthroDisturbance_Generator",preprocessed,data/raw,outputs/sensitivity/sa_morris_t03_p01/rep_001,scratch/sensitivity/sa_morris_t03_p01/rep_001.log,success,
2025-11-25T05:18:40,sensitivity,sa_morris_t03_p01,2,12390,workspace/sensitivity/config/generated/sa_morris_t03_p01.yaml,"anthroDisturbance_DataPrep,potentialResourcesNT_DataPrep,anthroDisturbance_Generator",preprocessed,data/raw,outputs/sensitivity/sa_morris_t03_p01/rep_002,scratch/sensitivity/sa_morris_t03_p01/rep_002.log,success,
2025-11-25T05:48:11,sensitivity,sa_morris_t03_p01,3,12391,workspace/sensitivity/config/generated/sa_morris_t03_p01.yaml,"anthroDisturbance_DataPrep,potentialResourcesNT_DataPrep,anthroDisturbance_Generator",preprocessed,data/raw,outputs/sensitivity/sa_morris_t03_p01/rep_003,scratch/sensitivity/sa_morris_t03_p01/rep_003.log,success,
2025-11-25T06:18:23,sensitivity,sa_morris_t03_p01,4,12392,workspace/sensitivity/config/generated/sa_morris_t03_p01.yaml,"anthroDisturbance_DataPrep,potentialResourcesNT_DataPrep,anthroDisturbance_Generator",preprocessed,data/raw,outputs/sensitivity/sa_morris_t03_p01/rep_004,scratch/sensitivity/sa_morris_t03_p01/rep_004.log,success,
2025-11-25T06:48:41,sensitivity,sa_morris_t03_p02,1,12393,workspace/sensitivity/config/generated/sa_morris_t03_p02.yaml,"anthroDisturbance_DataPrep,potentialResourcesNT_DataPrep,anthroDisturbance_Generator",preprocessed,data/raw,outputs/sensitivity/sa_morris_t03_p02/rep_001,scratch/sensitivity/sa_morris_t03_p02/rep_001.log,success,
2025-11-25T07:16:30,sensitivity,sa_morris_t03_p02,2,12394,workspace/sensitivity/config/generated/sa_morris_t03_p02.yaml,"anthroDisturbance_DataPrep,potentialResourcesNT_DataPrep,anthroDisturbance_Generator",preprocessed,data/raw,outputs/sensitivity/sa_morris_t03_p02/rep_002,scratch/sensitivity/sa_morris_t03_p02/rep_002.log,success,
2025-11-25T07:49:29,sensitivity,sa_morris_t03_p02,3,12395,workspace/sensitivity/config/generated/sa_morris_t03_p02.yaml,"anthroDisturbance_DataPrep,potentialResourcesNT_DataPrep,anthroDisturbance_Generator",preprocessed,data/raw,outputs/sensitivity/sa_morris_t03_p02/rep_003,scratch/sensitivity/sa_morris_t03_p02/rep_003.log,success,
2025-11-25T08:22:25,sensitivity,sa_morris_t03_p02,4,12396,workspace/sensitivity/config/generated/sa_morris_t03_p02.yaml,"anthroDisturbance_DataPrep,potentialResourcesNT_DataPrep,anthroDisturbance_Generator",preprocessed,data/raw,outputs/sensitivity/sa_morris_t03_p02/rep_004,scratch/sensitivity/sa_morris_t03_p02/rep_004.log,success,
2025-11-25T08:53:29,sensitivity,sa_morris_t03_p03,1,12397,workspace/sensitivity/config/generated/sa_morris_t03_p03.yaml,"anthroDisturbance_DataPrep,potentialResourcesNT_DataPrep,anthroDisturbance_Generator",preprocessed,data/raw,outputs/sensitivity/sa_morris_t03_p03/rep_001,scratch/sensitivity/sa_morris_t03_p03/rep_001.log,success,
2025-11-25T09:31:16,sensitivity,sa_morris_t03_p03,2,12398,workspace/sensitivity/config/generated/sa_morris_t03_p03.yaml,"anthroDisturbance_DataPrep,potentialResourcesNT_DataPrep,anthroDisturbance_Generator",preprocessed,data/raw,outputs/sensitivity/sa_morris_t03_p03/rep_002,scratch/sensitivity/sa_morris_t03_p03/rep_002.log,success,
2025-11-25T10:08:25,sensitivity,sa_morris_t03_p03,3,12399,workspace/sensitivity/config/generated/sa_morris_t03_p03.yaml,"anthroDisturbance_DataPrep,potentialResourcesNT_DataPrep,anthroDisturbance_Generator",preprocessed,data/raw,outputs/sensitivity/sa_morris_t03_p03/rep_003,scratch/sensitivity/sa_morris_t03_p03/rep_003.log,success,
2025-11-25T10:44:37,sensitivity,sa_morris_t03_p03,4,12400,workspace/sensitivity/config/generated/sa_morris_t03_p03.yaml,"anthroDisturbance_DataPrep,potentialResourcesNT_DataPrep,anthroDisturbance_Generator",preprocessed,data/raw,outputs/sensitivity/sa_morris_t03_p03/rep_004,scratch/sensitivity/sa_morris_t03_p03/rep_004.log,success,
2025-11-25T11:30:41,sensitivity,sa_morris_t03_p04,1,12401,workspace/sensitivity/config/generated/sa_morris_t03_p04.yaml,"anthroDisturbance_DataPrep,potentialResourcesNT_DataPrep,anthroDisturbance_Generator",preprocessed,data/raw,outputs/sensitivity/sa_morris_t03_p04/rep_001,scratch/sensitivity/sa_morris_t03_p04/rep_001.log,success,
2025-11-25T12:06:24,sensitivity,sa_morris_t03_p04,2,12402,workspace/sensitivity/config/generated/sa_morris_t03_p04.yaml,"anthroDisturbance_DataPrep,potentialResourcesNT_DataPrep,anthroDisturbance_Generator",preprocessed,data/raw,outputs/sensitivity/sa_morris_t03_p04/rep_002,scratch/sensitivity/sa_morris_t03_p04/rep_002.log,success,
2025-11-25T12:52:38,sensitivity,sa_morris_t03_p04,3,12403,workspace/sensitivity/config/generated/sa_morris_t03_p04.yaml,"anthroDisturbance_DataPrep,potentialResourcesNT_DataPrep,anthroDisturbance_Generator",preprocessed,data/raw,outputs/sensitivity/sa_morris_t03_p04/rep_003,scratch/sensitivity/sa_morris_t03_p04/rep_003.log,success,
2025-11-25T13:39:20,sensitivity,sa_morris_t03_p04,4,12404,workspace/sensitivity/config/generated/sa_morris_t03_p04.yaml,"anthroDisturbance_DataPrep,potentialResourcesNT_DataPrep,anthroDisturbance_Generator",preprocessed,data/raw,outputs/sensitivity/sa_morris_t03_p04/rep_004,scratch/sensitivity/sa_morris_t03_p04/rep_004.log,success,
2025-12-25T21:43:54,sensitivity,sa_morris_t03_p05,1,12413,workspace/sensitivity/config/generated/sa_morris_t03_p05.yaml,"anthroDisturbance_DataPrep,potentialResourcesNT_DataPrep,anthroDisturbance_Generator",preprocessed,data/raw,outputs/sensitivity/sa_morris_t03_p05/rep_001,scratch/sensitivity/sa_morris_t03_p05/rep_001.log,success,
2025-12-22T00:04:31,sensitivity,sa_morris_t03_p05,2,12414,workspace/sensitivity/config/generated/sa_morris_t03_p05.yaml,"anthroDisturbance_DataPrep,potentialResourcesNT_DataPrep,anthroDisturbance_Generator",preprocessed,data/raw,outputs/sensitivity/sa_morris_t03_p05/rep_002,scratch/sensitivity/sa_morris_t03_p05/rep_002.log,success,
2025-12-22T00:33:35,sensitivity,sa_morris_t03_p05,3,12415,workspace/sensitivity/config/generated/sa_morris_t03_p05.yaml,"anthroDisturbance_DataPrep,potentialResourcesNT_DataPrep,anthroDisturbance_Generator",preprocessed,data/raw,outputs/sensitivity/sa_morris_t03_p05/rep_003,scratch/sensitivity/sa_morris_t03_p05/rep_003.log,success,
2025-12-25T22:14:39,sensitivity,sa_morris_t03_p05,4,12416,workspace/sensitivity/config/generated/sa_morris_t03_p05.yaml,"anthroDisturbance_DataPrep,potentialResourcesNT_DataPrep,anthroDisturbance_Generator",preprocessed,data/raw,outputs/sensitivity/sa_morris_t03_p05/rep_004,scratch/sensitivity/sa_morris_t03_p05/rep_004.log,success,
2025-11-25T15:18:35,sensitivity,sa_morris_t04_p00,1,12405,workspace/sensitivity/config/generated/sa_morris_t04_p00.yaml,"anthroDisturbance_DataPrep,potentialResourcesNT_DataPrep,anthroDisturbance_Generator",preprocessed,data/raw,outputs/sensitivity/sa_morris_t04_p00/rep_001,scratch/sensitivity/sa_morris_t04_p00/rep_001.log,success,
2025-11-25T15:53:22,sensitivity,sa_morris_t04_p00,2,12406,workspace/sensitivity/config/generated/sa_morris_t04_p00.yaml,"anthroDisturbance_DataPrep,potentialResourcesNT_DataPrep,anthroDisturbance_Generator",preprocessed,data/raw,outputs/sensitivity/sa_morris_t04_p00/rep_002,scratch/sensitivity/sa_morris_t04_p00/rep_002.log,success,
2025-11-25T16:27:00,sensitivity,sa_morris_t04_p00,3,12407,workspace/sensitivity/config/generated/sa_morris_t04_p00.yaml,"anthroDisturbance_DataPrep,potentialResourcesNT_DataPrep,anthroDisturbance_Generator",preprocessed,data/raw,outputs/sensitivity/sa_morris_t04_p00/rep_003,scratch/sensitivity/sa_morris_t04_p00/rep_003.log,success,
2025-11-25T16:58:05,sensitivity,sa_morris_t04_p00,4,12408,workspace/sensitivity/config/generated/sa_morris_t04_p00.yaml,"anthroDisturbance_DataPrep,potentialResourcesNT_DataPrep,anthroDisturbance_Generator",preprocessed,data/raw,outputs/sensitivity/sa_morris_t04_p00/rep_004,scratch/sensitivity/sa_morris_t04_p00/rep_004.log,success,
2025-11-25T17:32:02,sensitivity,sa_morris_t04_p01,1,12409,workspace/sensitivity/config/generated/sa_morris_t04_p01.yaml,"anthroDisturbance_DataPrep,potentialResourcesNT_DataPrep,anthroDisturbance_Generator",preprocessed,data/raw,outputs/sensitivity/sa_morris_t04_p01/rep_001,scratch/sensitivity/sa_morris_t04_p01/rep_001.log,success,
2025-11-25T18:04:17,sensitivity,sa_morris_t04_p01,2,12410,workspace/sensitivity/config/generated/sa_morris_t04_p01.yaml,"anthroDisturbance_DataPrep,potentialResourcesNT_DataPrep,anthroDisturbance_Generator",preprocessed,data/raw,outputs/sensitivity/sa_morris_t04_p01/rep_002,scratch/sensitivity/sa_morris_t04_p01/rep_002.log,success,
2025-11-25T18:39:09,sensitivity,sa_morris_t04_p01,3,12411,workspace/sensitivity/config/generated/sa_morris_t04_p01.yaml,"anthroDisturbance_DataPrep,potentialResourcesNT_DataPrep,anthroDisturbance_Generator",preprocessed,data/raw,outputs/sensitivity/sa_morris_t04_p01/rep_003,scratch/sensitivity/sa_morris_t04_p01/rep_003.log,success,
2025-11-25T19:14:11,sensitivity,sa_morris_t04_p01,4,12412,workspace/sensitivity/config/generated/sa_morris_t04_p01.yaml,"anthroDisturbance_DataPrep,potentialResourcesNT_DataPrep,anthroDisturbance_Generator",preprocessed,data/raw,outputs/sensitivity/sa_morris_t04_p01/rep_004,scratch/sensitivity/sa_morris_t04_p01/rep_004.log,success,
2025-12-25T22:50:41,sensitivity,sa_morris_t04_p02,1,12413,workspace/sensitivity/config/generated/sa_morris_t04_p02.yaml,"anthroDisturbance_DataPrep,potentialResourcesNT_DataPrep,anthroDisturbance_Generator",preprocessed,data/raw,outputs/sensitivity/sa_morris_t04_p02/rep_001,scratch/sensitivity/sa_morris_t04_p02/rep_001.log,success,
2025-12-22T01:39:49,sensitivity,sa_morris_t04_p02,2,12414,workspace/sensitivity/config/generated/sa_morris_t04_p02.yaml,"anthroDisturbance_DataPrep,potentialResourcesNT_DataPrep,anthroDisturbance_Generator",preprocessed,data/raw,outputs/sensitivity/sa_morris_t04_p02/rep_002,scratch/sensitivity/sa_morris_t04_p02/rep_002.log,success,
2025-12-22T02:14:32,sensitivity,sa_morris_t04_p02,3,12415,workspace/sensitivity/config/generated/sa_morris_t04_p02.yaml,"anthroDisturbance_DataPrep,potentialResourcesNT_DataPrep,anthroDisturbance_Generator",preprocessed,data/raw,outputs/sensitivity/sa_morris_t04_p02/rep_003,scratch/sensitivity/sa_morris_t04_p02/rep_003.log,success,
2025-12-22T02:47:52,sensitivity,sa_morris_t04_p02,4,12416,workspace/sensitivity/config/generated/sa_morris_t04_p02.yaml,"anthroDisturbance_DataPrep,potentialResourcesNT_DataPrep,anthroDisturbance_Generator",preprocessed,data/raw,outputs/sensitivity/sa_morris_t04_p02/rep_004,scratch/sensitivity/sa_morris_t04_p02/rep_004.log,success,
2025-12-22T03:28:17,sensitivity,sa_morris_t04_p03,1,12417,workspace/sensitivity/config/generated/sa_morris_t04_p03.yaml,"anthroDisturbance_DataPrep,potentialResourcesNT_DataPrep,anthroDisturbance_Generator",preprocessed,data/raw,outputs/sensitivity/sa_morris_t04_p03/rep_001,scratch/sensitivity/sa_morris_t04_p03/rep_001.log,success,
2025-12-22T04:02:00,sensitivity,sa_morris_t04_p03,2,12418,workspace/sensitivity/config/generated/sa_morris_t04_p03.yaml,"anthroDisturbance_DataPrep,potentialResourcesNT_DataPrep,anthroDisturbance_Generator",preprocessed,data/raw,outputs/sensitivity/sa_morris_t04_p03/rep_002,scratch/sensitivity/sa_morris_t04_p03/rep_002.log,success,
2025-12-22T04:34:34,sensitivity,sa_morris_t04_p03,3,12419,workspace/sensitivity/config/generated/sa_morris_t04_p03.yaml,"anthroDisturbance_DataPrep,potentialResourcesNT_DataPrep,anthroDisturbance_Generator",preprocessed,data/raw,outputs/sensitivity/sa_morris_t04_p03/rep_003,scratch/sensitivity/sa_morris_t04_p03/rep_003.log,success,
2025-12-25T23:24:14,sensitivity,sa_morris_t04_p03,4,12420,workspace/sensitivity/config/generated/sa_morris_t04_p03.yaml,"anthroDisturbance_DataPrep,potentialResourcesNT_DataPrep,anthroDisturbance_Generator",preprocessed,data/raw,outputs/sensitivity/sa_morris_t04_p03/rep_004,scratch/sensitivity/sa_morris_t04_p03/rep_004.log,success,
2025-12-25T23:57:06,sensitivity,sa_morris_t04_p04,1,12421,workspace/sensitivity/config/generated/sa_morris_t04_p04.yaml,"anthroDisturbance_DataPrep,potentialResourcesNT_DataPrep,anthroDisturbance_Generator",preprocessed,data/raw,outputs/sensitivity/sa_morris_t04_p04/rep_001,scratch/sensitivity/sa_morris_t04_p04/rep_001.log,success,
2025-12-22T05:28:46,sensitivity,sa_morris_t04_p04,2,12422,workspace/sensitivity/config/generated/sa_morris_t04_p04.yaml,"anthroDisturbance_DataPrep,potentialResourcesNT_DataPrep,anthroDisturbance_Generator",preprocessed,data/raw,outputs/sensitivity/sa_morris_t04_p04/rep_002,scratch/sensitivity/sa_morris_t04_p04/rep_002.log,success,
2025-12-22T05:59:14,sensitivity,sa_morris_t04_p04,3,12423,workspace/sensitivity/config/generated/sa_morris_t04_p04.yaml,"anthroDisturbance_DataPrep,potentialResourcesNT_DataPrep,anthroDisturbance_Generator",preprocessed,data/raw,outputs/sensitivity/sa_morris_t04_p04/rep_003,scratch/sensitivity/sa_morris_t04_p04/rep_003.log,success,
2025-12-22T06:29:51,sensitivity,sa_morris_t04_p04,4,12424,workspace/sensitivity/config/generated/sa_morris_t04_p04.yaml,"anthroDisturbance_DataPrep,potentialResourcesNT_DataPrep,anthroDisturbance_Generator",preprocessed,data/raw,outputs/sensitivity/sa_morris_t04_p04/rep_004,scratch/sensitivity/sa_morris_t04_p04/rep_004.log,success,
2025-11-26T02:59:38,sensitivity,sa_morris_t04_p05,1,12437,workspace/sensitivity/config/generated/sa_morris_t04_p05.yaml,"anthroDisturbance_DataPrep,potentialResourcesNT_DataPrep,anthroDisturbance_Generator",preprocessed,data/raw,outputs/sensitivity/sa_morris_t04_p05/rep_001,scratch/sensitivity/sa_morris_t04_p05/rep_001.log,success,
2025-11-26T03:35:19,sensitivity,sa_morris_t04_p05,2,12438,workspace/sensitivity/config/generated/sa_morris_t04_p05.yaml,"anthroDisturbance_DataPrep,potentialResourcesNT_DataPrep,anthroDisturbance_Generator",preprocessed,data/raw,outputs/sensitivity/sa_morris_t04_p05/rep_002,scratch/sensitivity/sa_morris_t04_p05/rep_002.log,success,
2025-11-26T04:09:00,sensitivity,sa_morris_t04_p05,3,12439,workspace/sensitivity/config/generated/sa_morris_t04_p05.yaml,"anthroDisturbance_DataPrep,potentialResourcesNT_DataPrep,anthroDisturbance_Generator",preprocessed,data/raw,outputs/sensitivity/sa_morris_t04_p05/rep_003,scratch/sensitivity/sa_morris_t04_p05/rep_003.log,success,
2025-11-26T04:44:04,sensitivity,sa_morris_t04_p05,4,12440,workspace/sensitivity/config/generated/sa_morris_t04_p05.yaml,"anthroDisturbance_DataPrep,potentialResourcesNT_DataPrep,anthroDisturbance_Generator",preprocessed,data/raw,outputs/sensitivity/sa_morris_t04_p05/rep_004,scratch/sensitivity/sa_morris_t04_p05/rep_004.log,success,
2025-12-26T00:35:01,sensitivity,sa_morris_t05_p00,1,12425,workspace/sensitivity/config/generated/sa_morris_t05_p00.yaml,"anthroDisturbance_DataPrep,potentialResourcesNT_DataPrep,anthroDisturbance_Generator",preprocessed,data/raw,outputs/sensitivity/sa_morris_t05_p00/rep_001,scratch/sensitivity/sa_morris_t05_p00/rep_001.log,success,
2025-12-26T01:08:31,sensitivity,sa_morris_t05_p00,2,12426,workspace/sensitivity/config/generated/sa_morris_t05_p00.yaml,"anthroDisturbance_DataPrep,potentialResourcesNT_DataPrep,anthroDisturbance_Generator",preprocessed,data/raw,outputs/sensitivity/sa_morris_t05_p00/rep_002,scratch/sensitivity/sa_morris_t05_p00/rep_002.log,success,
2025-12-26T01:38:40,sensitivity,sa_morris_t05_p00,3,12427,workspace/sensitivity/config/generated/sa_morris_t05_p00.yaml,"anthroDisturbance_DataPrep,potentialResourcesNT_DataPrep,anthroDisturbance_Generator",preprocessed,data/raw,outputs/sensitivity/sa_morris_t05_p00/rep_003,scratch/sensitivity/sa_morris_t05_p00/rep_003.log,success,
2025-12-26T02:13:22,sensitivity,sa_morris_t05_p00,4,12428,workspace/sensitivity/config/generated/sa_morris_t05_p00.yaml,"anthroDisturbance_DataPrep,potentialResourcesNT_DataPrep,anthroDisturbance_Generator",preprocessed,data/raw,outputs/sensitivity/sa_morris_t05_p00/rep_004,scratch/sensitivity/sa_morris_t05_p00/rep_004.log,success,
2025-12-26T02:47:38,sensitivity,sa_morris_t05_p01,1,12429,workspace/sensitivity/config/generated/sa_morris_t05_p01.yaml,"anthroDisturbance_DataPrep,potentialResourcesNT_DataPrep,anthroDisturbance_Generator",preprocessed,data/raw,outputs/sensitivity/sa_morris_t05_p01/rep_001,scratch/sensitivity/sa_morris_t05_p01/rep_001.log,success,
2025-12-26T03:22:14,sensitivity,sa_morris_t05_p01,2,12430,workspace/sensitivity/config/generated/sa_morris_t05_p01.yaml,"anthroDisturbance_DataPrep,potentialResourcesNT_DataPrep,anthroDisturbance_Generator",preprocessed,data/raw,outputs/sensitivity/sa_morris_t05_p01/rep_002,scratch/sensitivity/sa_morris_t05_p01/rep_002.log,success,
2025-12-26T03:51:16,sensitivity,sa_morris_t05_p01,3,12431,workspace/sensitivity/config/generated/sa_morris_t05_p01.yaml,"anthroDisturbance_DataPrep,potentialResourcesNT_DataPrep,anthroDisturbance_Generator",preprocessed,data/raw,outputs/sensitivity/sa_morris_t05_p01/rep_003,scratch/sensitivity/sa_morris_t05_p01/rep_003.log,success,
2025-12-26T04:25:59,sensitivity,sa_morris_t05_p01,4,12432,workspace/sensitivity/config/generated/sa_morris_t05_p01.yaml,"anthroDisturbance_DataPrep,potentialResourcesNT_DataPrep,anthroDisturbance_Generator",preprocessed,data/raw,outputs/sensitivity/sa_morris_t05_p01/rep_004,scratch/sensitivity/sa_morris_t05_p01/rep_004.log,success,
2025-12-26T04:54:28,sensitivity,sa_morris_t05_p02,1,12433,workspace/sensitivity/config/generated/sa_morris_t05_p02.yaml,"anthroDisturbance_DataPrep,potentialResourcesNT_DataPrep,anthroDisturbance_Generator",preprocessed,data/raw,outputs/sensitivity/sa_morris_t05_p02/rep_001,scratch/sensitivity/sa_morris_t05_p02/rep_001.log,success,
2025-12-26T05:28:20,sensitivity,sa_morris_t05_p02,2,12434,workspace/sensitivity/config/generated/sa_morris_t05_p02.yaml,"anthroDisturbance_DataPrep,potentialResourcesNT_DataPrep,anthroDisturbance_Generator",preprocessed,data/raw,outputs/sensitivity/sa_morris_t05_p02/rep_002,scratch/sensitivity/sa_morris_t05_p02/rep_002.log,success,
2025-12-26T05:57:28,sensitivity,sa_morris_t05_p02,3,12435,workspace/sensitivity/config/generated/sa_morris_t05_p02.yaml,"anthroDisturbance_DataPrep,potentialResourcesNT_DataPrep,anthroDisturbance_Generator",preprocessed,data/raw,outputs/sensitivity/sa_morris_t05_p02/rep_003,scratch/sensitivity/sa_morris_t05_p02/rep_003.log,success,
2025-12-26T06:31:34,sensitivity,sa_morris_t05_p02,4,12436,workspace/sensitivity/config/generated/sa_morris_t05_p02.yaml,"anthroDisturbance_DataPrep,potentialResourcesNT_DataPrep,anthroDisturbance_Generator",preprocessed,data/raw,outputs/sensitivity/sa_morris_t05_p02/rep_004,scratch/sensitivity/sa_morris_t05_p02/rep_004.log,success,
2025-12-26T07:15:03,sensitivity,sa_morris_t05_p03,1,12437,workspace/sensitivity/config/generated/sa_morris_t05_p03.yaml,"anthroDisturbance_DataPrep,potentialResourcesNT_DataPrep,anthroDisturbance_Generator",preprocessed,data/raw,outputs/sensitivity/sa_morris_t05_p03/rep_001,scratch/sensitivity/sa_morris_t05_p03/rep_001.log,success,
2025-12-26T08:04:07,sensitivity,sa_morris_t05_p03,2,12438,workspace/sensitivity/config/generated/sa_morris_t05_p03.yaml,"anthroDisturbance_DataPrep,potentialResourcesNT_DataPrep,anthroDisturbance_Generator",preprocessed,data/raw,outputs/sensitivity/sa_morris_t05_p03/rep_002,scratch/sensitivity/sa_morris_t05_p03/rep_002.log,success,
2025-12-26T08:42:41,sensitivity,sa_morris_t05_p03,3,12439,workspace/sensitivity/config/generated/sa_morris_t05_p03.yaml,"anthroDisturbance_DataPrep,potentialResourcesNT_DataPrep,anthroDisturbance_Generator",preprocessed,data/raw,outputs/sensitivity/sa_morris_t05_p03/rep_003,scratch/sensitivity/sa_morris_t05_p03/rep_003.log,success,
2025-12-26T09:19:36,sensitivity,sa_morris_t05_p03,4,12440,workspace/sensitivity/config/generated/sa_morris_t05_p03.yaml,"anthroDisturbance_DataPrep,potentialResourcesNT_DataPrep,anthroDisturbance_Generator",preprocessed,data/raw,outputs/sensitivity/sa_morris_t05_p03/rep_004,scratch/sensitivity/sa_morris_t05_p03/rep_004.log,success,
2025-12-26T09:51:45,sensitivity,sa_morris_t05_p04,1,12441,workspace/sensitivity/config/generated/sa_morris_t05_p04.yaml,"anthroDisturbance_DataPrep,potentialResourcesNT_DataPrep,anthroDisturbance_Generator",preprocessed,data/raw,outputs/sensitivity/sa_morris_t05_p04/rep_001,scratch/sensitivity/sa_morris_t05_p04/rep_001.log,success,
2025-12-26T10:26:09,sensitivity,sa_morris_t05_p04,2,12442,workspace/sensitivity/config/generated/sa_morris_t05_p04.yaml,"anthroDisturbance_DataPrep,potentialResourcesNT_DataPrep,anthroDisturbance_Generator",preprocessed,data/raw,outputs/sensitivity/sa_morris_t05_p04/rep_002,scratch/sensitivity/sa_morris_t05_p04/rep_002.log,success,
2025-12-26T10:55:36,sensitivity,sa_morris_t05_p04,3,12443,workspace/sensitivity/config/generated/sa_morris_t05_p04.yaml,"anthroDisturbance_DataPrep,potentialResourcesNT_DataPrep,anthroDisturbance_Generator",preprocessed,data/raw,outputs/sensitivity/sa_morris_t05_p04/rep_003,scratch/sensitivity/sa_morris_t05_p04/rep_003.log,success,
2025-12-26T11:43:14,sensitivity,sa_morris_t05_p04,4,12444,workspace/sensitivity/config/generated/sa_morris_t05_p04.yaml,"anthroDisturbance_DataPrep,potentialResourcesNT_DataPrep,anthroDisturbance_Generator",preprocessed,data/raw,outputs/sensitivity/sa_morris_t05_p04/rep_004,scratch/sensitivity/sa_morris_t05_p04/rep_004.log,success,
2025-12-26T12:11:24,sensitivity,sa_morris_t05_p05,1,12461,workspace/sensitivity/config/generated/sa_morris_t05_p05.yaml,"anthroDisturbance_DataPrep,potentialResourcesNT_DataPrep,anthroDisturbance_Generator",preprocessed,data/raw,outputs/sensitivity/sa_morris_t05_p05/rep_001,scratch/sensitivity/sa_morris_t05_p05/rep_001.log,success,
2025-12-22T08:09:30,sensitivity,sa_morris_t05_p05,2,12462,workspace/sensitivity/config/generated/sa_morris_t05_p05.yaml,"anthroDisturbance_DataPrep,potentialResourcesNT_DataPrep,anthroDisturbance_Generator",preprocessed,data/raw,outputs/sensitivity/sa_morris_t05_p05/rep_002,scratch/sensitivity/sa_morris_t05_p05/rep_002.log,success,
2025-12-22T08:38:21,sensitivity,sa_morris_t05_p05,3,12463,workspace/sensitivity/config/generated/sa_morris_t05_p05.yaml,"anthroDisturbance_DataPrep,potentialResourcesNT_DataPrep,anthroDisturbance_Generator",preprocessed,data/raw,outputs/sensitivity/sa_morris_t05_p05/rep_003,scratch/sensitivity/sa_morris_t05_p05/rep_003.log,success,
2025-12-22T09:07:58,sensitivity,sa_morris_t05_p05,4,12464,workspace/sensitivity/config/generated/sa_morris_t05_p05.yaml,"anthroDisturbance_DataPrep,potentialResourcesNT_DataPrep,anthroDisturbance_Generator",preprocessed,data/raw,outputs/sensitivity/sa_morris_t05_p05/rep_004,scratch/sensitivity/sa_morris_t05_p05/rep_004.log,success,
2025-11-26T07:35:33,sensitivity,sa_morris_t06_p00,1,12445,workspace/sensitivity/config/generated/sa_morris_t06_p00.yaml,"anthroDisturbance_DataPrep,potentialResourcesNT_DataPrep,anthroDisturbance_Generator",preprocessed,data/raw,outputs/sensitivity/sa_morris_t06_p00/rep_001,scratch/sensitivity/sa_morris_t06_p00/rep_001.log,success,
2025-11-26T08:08:18,sensitivity,sa_morris_t06_p00,2,12446,workspace/sensitivity/config/generated/sa_morris_t06_p00.yaml,"anthroDisturbance_DataPrep,potentialResourcesNT_DataPrep,anthroDisturbance_Generator",preprocessed,data/raw,outputs/sensitivity/sa_morris_t06_p00/rep_002,scratch/sensitivity/sa_morris_t06_p00/rep_002.log,success,
2025-11-26T08:38:56,sensitivity,sa_morris_t06_p00,3,12447,workspace/sensitivity/config/generated/sa_morris_t06_p00.yaml,"anthroDisturbance_DataPrep,potentialResourcesNT_DataPrep,anthroDisturbance_Generator",preprocessed,data/raw,outputs/sensitivity/sa_morris_t06_p00/rep_003,scratch/sensitivity/sa_morris_t06_p00/rep_003.log,success,
2025-11-26T09:10:30,sensitivity,sa_morris_t06_p00,4,12448,workspace/sensitivity/config/generated/sa_morris_t06_p00.yaml,"anthroDisturbance_DataPrep,potentialResourcesNT_DataPrep,anthroDisturbance_Generator",preprocessed,data/raw,outputs/sensitivity/sa_morris_t06_p00/rep_004,scratch/sensitivity/sa_morris_t06_p00/rep_004.log,success,
2025-11-26T09:42:00,sensitivity,sa_morris_t06_p01,1,12449,workspace/sensitivity/config/generated/sa_morris_t06_p01.yaml,"anthroDisturbance_DataPrep,potentialResourcesNT_DataPrep,anthroDisturbance_Generator",preprocessed,data/raw,outputs/sensitivity/sa_morris_t06_p01/rep_001,scratch/sensitivity/sa_morris_t06_p01/rep_001.log,success,
2025-11-26T10:12:18,sensitivity,sa_morris_t06_p01,2,12450,workspace/sensitivity/config/generated/sa_morris_t06_p01.yaml,"anthroDisturbance_DataPrep,potentialResourcesNT_DataPrep,anthroDisturbance_Generator",preprocessed,data/raw,outputs/sensitivity/sa_morris_t06_p01/rep_002,scratch/sensitivity/sa_morris_t06_p01/rep_002.log,success,
2025-11-26T10:44:00,sensitivity,sa_morris_t06_p01,3,12451,workspace/sensitivity/config/generated/sa_morris_t06_p01.yaml,"anthroDisturbance_DataPrep,potentialResourcesNT_DataPrep,anthroDisturbance_Generator",preprocessed,data/raw,outputs/sensitivity/sa_morris_t06_p01/rep_003,scratch/sensitivity/sa_morris_t06_p01/rep_003.log,success,
2025-11-26T11:15:33,sensitivity,sa_morris_t06_p01,4,12452,workspace/sensitivity/config/generated/sa_morris_t06_p01.yaml,"anthroDisturbance_DataPrep,potentialResourcesNT_DataPrep,anthroDisturbance_Generator",preprocessed,data/raw,outputs/sensitivity/sa_morris_t06_p01/rep_004,scratch/sensitivity/sa_morris_t06_p01/rep_004.log,success,
2025-11-26T11:46:58,sensitivity,sa_morris_t06_p02,1,12453,workspace/sensitivity/config/generated/sa_morris_t06_p02.yaml,"anthroDisturbance_DataPrep,potentialResourcesNT_DataPrep,anthroDisturbance_Generator",preprocessed,data/raw,outputs/sensitivity/sa_morris_t06_p02/rep_001,scratch/sensitivity/sa_morris_t06_p02/rep_001.log,success,
2025-11-26T12:17:03,sensitivity,sa_morris_t06_p02,2,12454,workspace/sensitivity/config/generated/sa_morris_t06_p02.yaml,"anthroDisturbance_DataPrep,potentialResourcesNT_DataPrep,anthroDisturbance_Generator",preprocessed,data/raw,outputs/sensitivity/sa_morris_t06_p02/rep_002,scratch/sensitivity/sa_morris_t06_p02/rep_002.log,success,
2025-11-26T12:48:08,sensitivity,sa_morris_t06_p02,3,12455,workspace/sensitivity/config/generated/sa_morris_t06_p02.yaml,"anthroDisturbance_DataPrep,potentialResourcesNT_DataPrep,anthroDisturbance_Generator",preprocessed,data/raw,outputs/sensitivity/sa_morris_t06_p02/rep_003,scratch/sensitivity/sa_morris_t06_p02/rep_003.log,success,
2025-11-26T13:19:31,sensitivity,sa_morris_t06_p02,4,12456,workspace/sensitivity/config/generated/sa_morris_t06_p02.yaml,"anthroDisturbance_DataPrep,potentialResourcesNT_DataPrep,anthroDisturbance_Generator",preprocessed,data/raw,outputs/sensitivity/sa_morris_t06_p02/rep_004,scratch/sensitivity/sa_morris_t06_p02/rep_004.log,success,
2025-11-26T13:51:24,sensitivity,sa_morris_t06_p03,1,12457,workspace/sensitivity/config/generated/sa_morris_t06_p03.yaml,"anthroDisturbance_DataPrep,potentialResourcesNT_DataPrep,anthroDisturbance_Generator",preprocessed,data/raw,outputs/sensitivity/sa_morris_t06_p03/rep_001,scratch/sensitivity/sa_morris_t06_p03/rep_001.log,success,
2025-11-26T14:21:53,sensitivity,sa_morris_t06_p03,2,12458,workspace/sensitivity/config/generated/sa_morris_t06_p03.yaml,"anthroDisturbance_DataPrep,potentialResourcesNT_DataPrep,anthroDisturbance_Generator",preprocessed,data/raw,outputs/sensitivity/sa_morris_t06_p03/rep_002,scratch/sensitivity/sa_morris_t06_p03/rep_002.log,success,
2025-11-26T14:55:29,sensitivity,sa_morris_t06_p03,3,12459,workspace/sensitivity/config/generated/sa_morris_t06_p03.yaml,"anthroDisturbance_DataPrep,potentialResourcesNT_DataPrep,anthroDisturbance_Generator",preprocessed,data/raw,outputs/sensitivity/sa_morris_t06_p03/rep_003,scratch/sensitivity/sa_morris_t06_p03/rep_003.log,success,
2025-11-26T15:27:48,sensitivity,sa_morris_t06_p03,4,12460,workspace/sensitivity/config/generated/sa_morris_t06_p03.yaml,"anthroDisturbance_DataPrep,potentialResourcesNT_DataPrep,anthroDisturbance_Generator",preprocessed,data/raw,outputs/sensitivity/sa_morris_t06_p03/rep_004,scratch/sensitivity/sa_morris_t06_p03/rep_004.log,success,
2025-12-22T09:42:41,sensitivity,sa_morris_t06_p04,1,12461,workspace/sensitivity/config/generated/sa_morris_t06_p04.yaml,"anthroDisturbance_DataPrep,potentialResourcesNT_DataPrep,anthroDisturbance_Generator",preprocessed,data/raw,outputs/sensitivity/sa_morris_t06_p04/rep_001,scratch/sensitivity/sa_morris_t06_p04/rep_001.log,success,
2025-12-22T10:17:49,sensitivity,sa_morris_t06_p04,2,12462,workspace/sensitivity/config/generated/sa_morris_t06_p04.yaml,"anthroDisturbance_DataPrep,potentialResourcesNT_DataPrep,anthroDisturbance_Generator",preprocessed,data/raw,outputs/sensitivity/sa_morris_t06_p04/rep_002,scratch/sensitivity/sa_morris_t06_p04/rep_002.log,success,
2025-12-22T10:46:50,sensitivity,sa_morris_t06_p04,3,12463,workspace/sensitivity/config/generated/sa_morris_t06_p04.yaml,"anthroDisturbance_DataPrep,potentialResourcesNT_DataPrep,anthroDisturbance_Generator",preprocessed,data/raw,outputs/sensitivity/sa_morris_t06_p04/rep_003,scratch/sensitivity/sa_morris_t06_p04/rep_003.log,success,
2025-12-22T11:16:13,sensitivity,sa_morris_t06_p04,4,12464,workspace/sensitivity/config/generated/sa_morris_t06_p04.yaml,"anthroDisturbance_DataPrep,potentialResourcesNT_DataPrep,anthroDisturbance_Generator",preprocessed,data/raw,outputs/sensitivity/sa_morris_t06_p04/rep_004,scratch/sensitivity/sa_morris_t06_p04/rep_004.log,success,
2025-12-22T11:52:31,sensitivity,sa_morris_t06_p05,1,12485,workspace/sensitivity/config/generated/sa_morris_t06_p05.yaml,"anthroDisturbance_DataPrep,potentialResourcesNT_DataPrep,anthroDisturbance_Generator",preprocessed,data/raw,outputs/sensitivity/sa_morris_t06_p05/rep_001,scratch/sensitivity/sa_morris_t06_p05/rep_001.log,success,
2025-12-22T12:23:12,sensitivity,sa_morris_t06_p05,2,12486,workspace/sensitivity/config/generated/sa_morris_t06_p05.yaml,"anthroDisturbance_DataPrep,potentialResourcesNT_DataPrep,anthroDisturbance_Generator",preprocessed,data/raw,outputs/sensitivity/sa_morris_t06_p05/rep_002,scratch/sensitivity/sa_morris_t06_p05/rep_002.log,success,
2025-12-22T12:53:08,sensitivity,sa_morris_t06_p05,3,12487,workspace/sensitivity/config/generated/sa_morris_t06_p05.yaml,"anthroDisturbance_DataPrep,potentialResourcesNT_DataPrep,anthroDisturbance_Generator",preprocessed,data/raw,outputs/sensitivity/sa_morris_t06_p05/rep_003,scratch/sensitivity/sa_morris_t06_p05/rep_003.log,success,
2025-12-22T13:24:25,sensitivity,sa_morris_t06_p05,4,12488,workspace/sensitivity/config/generated/sa_morris_t06_p05.yaml,"anthroDisturbance_DataPrep,potentialResourcesNT_DataPrep,anthroDisturbance_Generator",preprocessed,data/raw,outputs/sensitivity/sa_morris_t06_p05/rep_004,scratch/sensitivity/sa_morris_t06_p05/rep_004.log,success,
2025-11-26T19:10:55,sensitivity,sa_morris_t07_p00,1,12489,workspace/sensitivity/config/generated/sa_morris_t07_p00.yaml,"anthroDisturbance_DataPrep,potentialResourcesNT_DataPrep,anthroDisturbance_Generator",preprocessed,data/raw,outputs/sensitivity/sa_morris_t07_p00/rep_001,scratch/sensitivity/sa_morris_t07_p00/rep_001.log,success,
2025-11-26T19:38:18,sensitivity,sa_morris_t07_p00,2,12490,workspace/sensitivity/config/generated/sa_morris_t07_p00.yaml,"anthroDisturbance_DataPrep,potentialResourcesNT_DataPrep,anthroDisturbance_Generator",preprocessed,data/raw,outputs/sensitivity/sa_morris_t07_p00/rep_002,scratch/sensitivity/sa_morris_t07_p00/rep_002.log,success,
2025-11-26T20:10:07,sensitivity,sa_morris_t07_p00,3,12491,workspace/sensitivity/config/generated/sa_morris_t07_p00.yaml,"anthroDisturbance_DataPrep,potentialResourcesNT_DataPrep,anthroDisturbance_Generator",preprocessed,data/raw,outputs/sensitivity/sa_morris_t07_p00/rep_003,scratch/sensitivity/sa_morris_t07_p00/rep_003.log,success,
2025-11-26T20:41:55,sensitivity,sa_morris_t07_p00,4,12492,workspace/sensitivity/config/generated/sa_morris_t07_p00.yaml,"anthroDisturbance_DataPrep,potentialResourcesNT_DataPrep,anthroDisturbance_Generator",preprocessed,data/raw,outputs/sensitivity/sa_morris_t07_p00/rep_004,scratch/sensitivity/sa_morris_t07_p00/rep_004.log,success,
2025-12-22T13:51:40,sensitivity,sa_morris_t07_p01,1,12493,workspace/sensitivity/config/generated/sa_morris_t07_p01.yaml,"anthroDisturbance_DataPrep,potentialResourcesNT_DataPrep,anthroDisturbance_Generator",preprocessed,data/raw,outputs/sensitivity/sa_morris_t07_p01/rep_001,scratch/sensitivity/sa_morris_t07_p01/rep_001.log,success,
2025-12-22T14:19:10,sensitivity,sa_morris_t07_p01,2,12494,workspace/sensitivity/config/generated/sa_morris_t07_p01.yaml,"anthroDisturbance_DataPrep,potentialResourcesNT_DataPrep,anthroDisturbance_Generator",preprocessed,data/raw,outputs/sensitivity/sa_morris_t07_p01/rep_002,scratch/sensitivity/sa_morris_t07_p01/rep_002.log,success,
2025-12-22T14:49:57,sensitivity,sa_morris_t07_p01,3,12495,workspace/sensitivity/config/generated/sa_morris_t07_p01.yaml,"anthroDisturbance_DataPrep,potentialResourcesNT_DataPrep,anthroDisturbance_Generator",preprocessed,data/raw,outputs/sensitivity/sa_morris_t07_p01/rep_003,scratch/sensitivity/sa_morris_t07_p01/rep_003.log,success,
2025-12-22T15:17:47,sensitivity,sa_morris_t07_p01,4,12496,workspace/sensitivity/config/generated/sa_morris_t07_p01.yaml,"anthroDisturbance_DataPrep,potentialResourcesNT_DataPrep,anthroDisturbance_Generator",preprocessed,data/raw,outputs/sensitivity/sa_morris_t07_p01/rep_004,scratch/sensitivity/sa_morris_t07_p01/rep_004.log,success,
2025-11-27T00:13:18,sensitivity,sa_morris_t07_p02,1,12497,workspace/sensitivity/config/generated/sa_morris_t07_p02.yaml,"anthroDisturbance_DataPrep,potentialResourcesNT_DataPrep,anthroDisturbance_Generator",preprocessed,data/raw,outputs/sensitivity/sa_morris_t07_p02/rep_001,scratch/sensitivity/sa_morris_t07_p02/rep_001.log,success,
2025-11-27T00:55:54,sensitivity,sa_morris_t07_p02,2,12498,workspace/sensitivity/config/generated/sa_morris_t07_p02.yaml,"anthroDisturbance_DataPrep,potentialResourcesNT_DataPrep,anthroDisturbance_Generator",preprocessed,data/raw,outputs/sensitivity/sa_morris_t07_p02/rep_002,scratch/sensitivity/sa_morris_t07_p02/rep_002.log,success,
2025-11-27T01:31:33,sensitivity,sa_morris_t07_p02,3,12499,workspace/sensitivity/config/generated/sa_morris_t07_p02.yaml,"anthroDisturbance_DataPrep,potentialResourcesNT_DataPrep,anthroDisturbance_Generator",preprocessed,data/raw,outputs/sensitivity/sa_morris_t07_p02/rep_003,scratch/sensitivity/sa_morris_t07_p02/rep_003.log,success,
2025-11-27T02:06:25,sensitivity,sa_morris_t07_p02,4,12500,workspace/sensitivity/config/generated/sa_morris_t07_p02.yaml,"anthroDisturbance_DataPrep,potentialResourcesNT_DataPrep,anthroDisturbance_Generator",preprocessed,data/raw,outputs/sensitivity/sa_morris_t07_p02/rep_004,scratch/sensitivity/sa_morris_t07_p02/rep_004.log,success,
2025-12-22T15:45:19,sensitivity,sa_morris_t07_p03,1,12501,workspace/sensitivity/config/generated/sa_morris_t07_p03.yaml,"anthroDisturbance_DataPrep,potentialResourcesNT_DataPrep,anthroDisturbance_Generator",preprocessed,data/raw,outputs/sensitivity/sa_morris_t07_p03/rep_001,scratch/sensitivity/sa_morris_t07_p03/rep_001.log,success,
2025-12-22T16:16:34,sensitivity,sa_morris_t07_p03,2,12502,workspace/sensitivity/config/generated/sa_morris_t07_p03.yaml,"anthroDisturbance_DataPrep,potentialResourcesNT_DataPrep,anthroDisturbance_Generator",preprocessed,data/raw,outputs/sensitivity/sa_morris_t07_p03/rep_002,scratch/sensitivity/sa_morris_t07_p03/rep_002.log,success,
2025-12-22T16:47:57,sensitivity,sa_morris_t07_p03,3,12503,workspace/sensitivity/config/generated/sa_morris_t07_p03.yaml,"anthroDisturbance_DataPrep,potentialResourcesNT_DataPrep,anthroDisturbance_Generator",preprocessed,data/raw,outputs/sensitivity/sa_morris_t07_p03/rep_003,scratch/sensitivity/sa_morris_t07_p03/rep_003.log,success,
2025-12-22T17:14:32,sensitivity,sa_morris_t07_p03,4,12504,workspace/sensitivity/config/generated/sa_morris_t07_p03.yaml,"anthroDisturbance_DataPrep,potentialResourcesNT_DataPrep,anthroDisturbance_Generator",preprocessed,data/raw,outputs/sensitivity/sa_morris_t07_p03/rep_004,scratch/sensitivity/sa_morris_t07_p03/rep_004.log,success,
2025-11-27T04:37:05,sensitivity,sa_morris_t07_p04,1,12505,workspace/sensitivity/config/generated/sa_morris_t07_p04.yaml,"anthroDisturbance_DataPrep,potentialResourcesNT_DataPrep,anthroDisturbance_Generator",preprocessed,data/raw,outputs/sensitivity/sa_morris_t07_p04/rep_001,scratch/sensitivity/sa_morris_t07_p04/rep_001.log,success,
2025-11-27T05:11:09,sensitivity,sa_morris_t07_p04,2,12506,workspace/sensitivity/config/generated/sa_morris_t07_p04.yaml,"anthroDisturbance_DataPrep,potentialResourcesNT_DataPrep,anthroDisturbance_Generator",preprocessed,data/raw,outputs/sensitivity/sa_morris_t07_p04/rep_002,scratch/sensitivity/sa_morris_t07_p04/rep_002.log,success,
2025-11-27T05:40:42,sensitivity,sa_morris_t07_p04,3,12507,workspace/sensitivity/config/generated/sa_morris_t07_p04.yaml,"anthroDisturbance_DataPrep,potentialResourcesNT_DataPrep,anthroDisturbance_Generator",preprocessed,data/raw,outputs/sensitivity/sa_morris_t07_p04/rep_003,scratch/sensitivity/sa_morris_t07_p04/rep_003.log,success,
2025-11-27T06:09:57,sensitivity,sa_morris_t07_p04,4,12508,workspace/sensitivity/config/generated/sa_morris_t07_p04.yaml,"anthroDisturbance_DataPrep,potentialResourcesNT_DataPrep,anthroDisturbance_Generator",preprocessed,data/raw,outputs/sensitivity/sa_morris_t07_p04/rep_004,scratch/sensitivity/sa_morris_t07_p04/rep_004.log,success,
2025-11-27T06:40:01,sensitivity,sa_morris_t07_p05,1,12509,workspace/sensitivity/config/generated/sa_morris_t07_p05.yaml,"anthroDisturbance_DataPrep,potentialResourcesNT_DataPrep,anthroDisturbance_Generator",preprocessed,data/raw,outputs/sensitivity/sa_morris_t07_p05/rep_001,scratch/sensitivity/sa_morris_t07_p05/rep_001.log,success,
2025-11-27T07:08:01,sensitivity,sa_morris_t07_p05,2,12510,workspace/sensitivity/config/generated/sa_morris_t07_p05.yaml,"anthroDisturbance_DataPrep,potentialResourcesNT_DataPrep,anthroDisturbance_Generator",preprocessed,data/raw,outputs/sensitivity/sa_morris_t07_p05/rep_002,scratch/sensitivity/sa_morris_t07_p05/rep_002.log,success,
2025-11-27T07:35:06,sensitivity,sa_morris_t07_p05,3,12511,workspace/sensitivity/config/generated/sa_morris_t07_p05.yaml,"anthroDisturbance_DataPrep,potentialResourcesNT_DataPrep,anthroDisturbance_Generator",preprocessed,data/raw,outputs/sensitivity/sa_morris_t07_p05/rep_003,scratch/sensitivity/sa_morris_t07_p05/rep_003.log,success,
2025-11-27T08:08:47,sensitivity,sa_morris_t07_p05,4,12512,workspace/sensitivity/config/generated/sa_morris_t07_p05.yaml,"anthroDisturbance_DataPrep,potentialResourcesNT_DataPrep,anthroDisturbance_Generator",preprocessed,data/raw,outputs/sensitivity/sa_morris_t07_p05/rep_004,scratch/sensitivity/sa_morris_t07_p05/rep_004.log,success,
2025-11-27T08:39:43,sensitivity,sa_morris_t08_p00,1,12513,workspace/sensitivity/config/generated/sa_morris_t08_p00.yaml,"anthroDisturbance_DataPrep,potentialResourcesNT_DataPrep,anthroDisturbance_Generator",preprocessed,data/raw,outputs/sensitivity/sa_morris_t08_p00/rep_001,scratch/sensitivity/sa_morris_t08_p00/rep_001.log,success,
2025-11-27T09:09:38,sensitivity,sa_morris_t08_p00,2,12514,workspace/sensitivity/config/generated/sa_morris_t08_p00.yaml,"anthroDisturbance_DataPrep,potentialResourcesNT_DataPrep,anthroDisturbance_Generator",preprocessed,data/raw,outputs/sensitivity/sa_morris_t08_p00/rep_002,scratch/sensitivity/sa_morris_t08_p00/rep_002.log,success,
2025-11-27T09:40:02,sensitivity,sa_morris_t08_p00,3,12515,workspace/sensitivity/config/generated/sa_morris_t08_p00.yaml,"anthroDisturbance_DataPrep,potentialResourcesNT_DataPrep,anthroDisturbance_Generator",preprocessed,data/raw,outputs/sensitivity/sa_morris_t08_p00/rep_003,scratch/sensitivity/sa_morris_t08_p00/rep_003.log,success,
2025-11-27T10:08:45,sensitivity,sa_morris_t08_p00,4,12516,workspace/sensitivity/config/generated/sa_morris_t08_p00.yaml,"anthroDisturbance_DataPrep,potentialResourcesNT_DataPrep,anthroDisturbance_Generator",preprocessed,data/raw,outputs/sensitivity/sa_morris_t08_p00/rep_004,scratch/sensitivity/sa_morris_t08_p00/rep_004.log,success,
2025-11-27T10:39:18,sensitivity,sa_morris_t08_p01,1,12517,workspace/sensitivity/config/generated/sa_morris_t08_p01.yaml,"anthroDisturbance_DataPrep,potentialResourcesNT_DataPrep,anthroDisturbance_Generator",preprocessed,data/raw,outputs/sensitivity/sa_morris_t08_p01/rep_001,scratch/sensitivity/sa_morris_t08_p01/rep_001.log,success,
2025-11-27T11:09:32,sensitivity,sa_morris_t08_p01,2,12518,workspace/sensitivity/config/generated/sa_morris_t08_p01.yaml,"anthroDisturbance_DataPrep,potentialResourcesNT_DataPrep,anthroDisturbance_Generator",preprocessed,data/raw,outputs/sensitivity/sa_morris_t08_p01/rep_002,scratch/sensitivity/sa_morris_t08_p01/rep_002.log,success,
2025-11-27T11:39:17,sensitivity,sa_morris_t08_p01,3,12519,workspace/sensitivity/config/generated/sa_morris_t08_p01.yaml,"anthroDisturbance_DataPrep,potentialResourcesNT_DataPrep,anthroDisturbance_Generator",preprocessed,data/raw,outputs/sensitivity/sa_morris_t08_p01/rep_003,scratch/sensitivity/sa_morris_t08_p01/rep_003.log,success,
2025-11-27T12:10:22,sensitivity,sa_morris_t08_p01,4,12520,workspace/sensitivity/config/generated/sa_morris_t08_p01.yaml,"anthroDisturbance_DataPrep,potentialResourcesNT_DataPrep,anthroDisturbance_Generator",preprocessed,data/raw,outputs/sensitivity/sa_morris_t08_p01/rep_004,scratch/sensitivity/sa_morris_t08_p01/rep_004.log,success,
2025-12-22T17:51:54,sensitivity,sa_morris_t08_p02,1,12521,workspace/sensitivity/config/generated/sa_morris_t08_p02.yaml,"anthroDisturbance_DataPrep,potentialResourcesNT_DataPrep,anthroDisturbance_Generator",preprocessed,data/raw,outputs/sensitivity/sa_morris_t08_p02/rep_001,scratch/sensitivity/sa_morris_t08_p02/rep_001.log,success,
2025-12-22T18:21:47,sensitivity,sa_morris_t08_p02,2,12522,workspace/sensitivity/config/generated/sa_morris_t08_p02.yaml,"anthroDisturbance_DataPrep,potentialResourcesNT_DataPrep,anthroDisturbance_Generator",preprocessed,data/raw,outputs/sensitivity/sa_morris_t08_p02/rep_002,scratch/sensitivity/sa_morris_t08_p02/rep_002.log,success,
2025-12-22T18:52:09,sensitivity,sa_morris_t08_p02,3,12523,workspace/sensitivity/config/generated/sa_morris_t08_p02.yaml,"anthroDisturbance_DataPrep,potentialResourcesNT_DataPrep,anthroDisturbance_Generator",preprocessed,data/raw,outputs/sensitivity/sa_morris_t08_p02/rep_003,scratch/sensitivity/sa_morris_t08_p02/rep_003.log,success,
2025-12-26T12:41:14,sensitivity,sa_morris_t08_p02,4,12524,workspace/sensitivity/config/generated/sa_morris_t08_p02.yaml,"anthroDisturbance_DataPrep,potentialResourcesNT_DataPrep,anthroDisturbance_Generator",preprocessed,data/raw,outputs/sensitivity/sa_morris_t08_p02/rep_004,scratch/sensitivity/sa_morris_t08_p02/rep_004.log,success,
2025-12-22T19:38:04,sensitivity,sa_morris_t08_p03,1,12525,workspace/sensitivity/config/generated/sa_morris_t08_p03.yaml,"anthroDisturbance_DataPrep,potentialResourcesNT_DataPrep,anthroDisturbance_Generator",preprocessed,data/raw,outputs/sensitivity/sa_morris_t08_p03/rep_001,scratch/sensitivity/sa_morris_t08_p03/rep_001.log,success,
2025-12-22T20:10:46,sensitivity,sa_morris_t08_p03,2,12526,workspace/sensitivity/config/generated/sa_morris_t08_p03.yaml,"anthroDisturbance_DataPrep,potentialResourcesNT_DataPrep,anthroDisturbance_Generator",preprocessed,data/raw,outputs/sensitivity/sa_morris_t08_p03/rep_002,scratch/sensitivity/sa_morris_t08_p03/rep_002.log,success,
2025-12-22T20:40:12,sensitivity,sa_morris_t08_p03,3,12527,workspace/sensitivity/config/generated/sa_morris_t08_p03.yaml,"anthroDisturbance_DataPrep,potentialResourcesNT_DataPrep,anthroDisturbance_Generator",preprocessed,data/raw,outputs/sensitivity/sa_morris_t08_p03/rep_003,scratch/sensitivity/sa_morris_t08_p03/rep_003.log,success,
2025-12-22T21:10:37,sensitivity,sa_morris_t08_p03,4,12528,workspace/sensitivity/config/generated/sa_morris_t08_p03.yaml,"anthroDisturbance_DataPrep,potentialResourcesNT_DataPrep,anthroDisturbance_Generator",preprocessed,data/raw,outputs/sensitivity/sa_morris_t08_p03/rep_004,scratch/sensitivity/sa_morris_t08_p03/rep_004.log,success,
2025-12-22T21:58:14,sensitivity,sa_morris_t08_p04,1,12529,workspace/sensitivity/config/generated/sa_morris_t08_p04.yaml,"anthroDisturbance_DataPrep,potentialResourcesNT_DataPrep,anthroDisturbance_Generator",preprocessed,data/raw,outputs/sensitivity/sa_morris_t08_p04/rep_001,scratch/sensitivity/sa_morris_t08_p04/rep_001.log,success,
2025-12-22T22:39:05,sensitivity,sa_morris_t08_p04,2,12530,workspace/sensitivity/config/generated/sa_morris_t08_p04.yaml,"anthroDisturbance_DataPrep,potentialResourcesNT_DataPrep,anthroDisturbance_Generator",preprocessed,data/raw,outputs/sensitivity/sa_morris_t08_p04/rep_002,scratch/sensitivity/sa_morris_t08_p04/rep_002.log,success,
2025-12-22T23:14:21,sensitivity,sa_morris_t08_p04,3,12531,workspace/sensitivity/config/generated/sa_morris_t08_p04.yaml,"anthroDisturbance_DataPrep,potentialResourcesNT_DataPrep,anthroDisturbance_Generator",preprocessed,data/raw,outputs/sensitivity/sa_morris_t08_p04/rep_003,scratch/sensitivity/sa_morris_t08_p04/rep_003.log,success,
2025-12-22T23:52:13,sensitivity,sa_morris_t08_p04,4,12532,workspace/sensitivity/config/generated/sa_morris_t08_p04.yaml,"anthroDisturbance_DataPrep,potentialResourcesNT_DataPrep,anthroDisturbance_Generator",preprocessed,data/raw,outputs/sensitivity/sa_morris_t08_p04/rep_004,scratch/sensitivity/sa_morris_t08_p04/rep_004.log,success,
2025-12-23T08:56:26,sensitivity,sa_morris_t08_p05,1,12533,workspace/sensitivity/config/generated/sa_morris_t08_p05.yaml,"anthroDisturbance_DataPrep,potentialResourcesNT_DataPrep,anthroDisturbance_Generator",preprocessed,data/raw,outputs/sensitivity/sa_morris_t08_p05/rep_001,scratch/sensitivity/sa_morris_t08_p05/rep_001.log,success,
2025-12-23T09:25:28,sensitivity,sa_morris_t08_p05,2,12534,workspace/sensitivity/config/generated/sa_morris_t08_p05.yaml,"anthroDisturbance_DataPrep,potentialResourcesNT_DataPrep,anthroDisturbance_Generator",preprocessed,data/raw,outputs/sensitivity/sa_morris_t08_p05/rep_002,scratch/sensitivity/sa_morris_t08_p05/rep_002.log,success,
2025-12-23T09:54:16,sensitivity,sa_morris_t08_p05,3,12535,workspace/sensitivity/config/generated/sa_morris_t08_p05.yaml,"anthroDisturbance_DataPrep,potentialResourcesNT_DataPrep,anthroDisturbance_Generator",preprocessed,data/raw,outputs/sensitivity/sa_morris_t08_p05/rep_003,scratch/sensitivity/sa_morris_t08_p05/rep_003.log,success,
2025-12-23T10:24:33,sensitivity,sa_morris_t08_p05,4,12536,workspace/sensitivity/config/generated/sa_morris_t08_p05.yaml,"anthroDisturbance_DataPrep,potentialResourcesNT_DataPrep,anthroDisturbance_Generator",preprocessed,data/raw,outputs/sensitivity/sa_morris_t08_p05/rep_004,scratch/sensitivity/sa_morris_t08_p05/rep_004.log,success,
2025-12-23T10:53:18,sensitivity,sa_morris_t09_p00,1,12537,workspace/sensitivity/config/generated/sa_morris_t09_p00.yaml,"anthroDisturbance_DataPrep,potentialResourcesNT_DataPrep,anthroDisturbance_Generator",preprocessed,data/raw,outputs/sensitivity/sa_morris_t09_p00/rep_001,scratch/sensitivity/sa_morris_t09_p00/rep_001.log,success,
2025-12-23T11:20:33,sensitivity,sa_morris_t09_p00,2,12538,workspace/sensitivity/config/generated/sa_morris_t09_p00.yaml,"anthroDisturbance_DataPrep,potentialResourcesNT_DataPrep,anthroDisturbance_Generator",preprocessed,data/raw,outputs/sensitivity/sa_morris_t09_p00/rep_002,scratch/sensitivity/sa_morris_t09_p00/rep_002.log,success,
2025-12-23T11:52:33,sensitivity,sa_morris_t09_p00,3,12539,workspace/sensitivity/config/generated/sa_morris_t09_p00.yaml,"anthroDisturbance_DataPrep,potentialResourcesNT_DataPrep,anthroDisturbance_Generator",preprocessed,data/raw,outputs/sensitivity/sa_morris_t09_p00/rep_003,scratch/sensitivity/sa_morris_t09_p00/rep_003.log,success,
2025-12-23T12:22:20,sensitivity,sa_morris_t09_p00,4,12540,workspace/sensitivity/config/generated/sa_morris_t09_p00.yaml,"anthroDisturbance_DataPrep,potentialResourcesNT_DataPrep,anthroDisturbance_Generator",preprocessed,data/raw,outputs/sensitivity/sa_morris_t09_p00/rep_004,scratch/sensitivity/sa_morris_t09_p00/rep_004.log,success,
2025-12-23T12:53:59,sensitivity,sa_morris_t09_p01,1,12541,workspace/sensitivity/config/generated/sa_morris_t09_p01.yaml,"anthroDisturbance_DataPrep,potentialResourcesNT_DataPrep,anthroDisturbance_Generator",preprocessed,data/raw,outputs/sensitivity/sa_morris_t09_p01/rep_001,scratch/sensitivity/sa_morris_t09_p01/rep_001.log,success,
2025-12-23T13:23:01,sensitivity,sa_morris_t09_p01,2,12542,workspace/sensitivity/config/generated/sa_morris_t09_p01.yaml,"anthroDisturbance_DataPrep,potentialResourcesNT_DataPrep,anthroDisturbance_Generator",preprocessed,data/raw,outputs/sensitivity/sa_morris_t09_p01/rep_002,scratch/sensitivity/sa_morris_t09_p01/rep_002.log,success,
2025-12-23T13:51:34,sensitivity,sa_morris_t09_p01,3,12543,workspace/sensitivity/config/generated/sa_morris_t09_p01.yaml,"anthroDisturbance_DataPrep,potentialResourcesNT_DataPrep,anthroDisturbance_Generator",preprocessed,data/raw,outputs/sensitivity/sa_morris_t09_p01/rep_003,scratch/sensitivity/sa_morris_t09_p01/rep_003.log,success,
2025-12-23T14:20:16,sensitivity,sa_morris_t09_p01,4,12544,workspace/sensitivity/config/generated/sa_morris_t09_p01.yaml,"anthroDisturbance_DataPrep,potentialResourcesNT_DataPrep,anthroDisturbance_Generator",preprocessed,data/raw,outputs/sensitivity/sa_morris_t09_p01/rep_004,scratch/sensitivity/sa_morris_t09_p01/rep_004.log,success,
2025-11-28T00:30:17,sensitivity,sa_morris_t09_p02,1,12545,workspace/sensitivity/config/generated/sa_morris_t09_p02.yaml,"anthroDisturbance_DataPrep,potentialResourcesNT_DataPrep,anthroDisturbance_Generator",preprocessed,data/raw,outputs/sensitivity/sa_morris_t09_p02/rep_001,scratch/sensitivity/sa_morris_t09_p02/rep_001.log,success,
2025-11-28T01:05:15,sensitivity,sa_morris_t09_p02,2,12546,workspace/sensitivity/config/generated/sa_morris_t09_p02.yaml,"anthroDisturbance_DataPrep,potentialResourcesNT_DataPrep,anthroDisturbance_Generator",preprocessed,data/raw,outputs/sensitivity/sa_morris_t09_p02/rep_002,scratch/sensitivity/sa_morris_t09_p02/rep_002.log,success,
2025-11-28T01:40:37,sensitivity,sa_morris_t09_p02,3,12547,workspace/sensitivity/config/generated/sa_morris_t09_p02.yaml,"anthroDisturbance_DataPrep,potentialResourcesNT_DataPrep,anthroDisturbance_Generator",preprocessed,data/raw,outputs/sensitivity/sa_morris_t09_p02/rep_003,scratch/sensitivity/sa_morris_t09_p02/rep_003.log,success,
2025-11-28T02:13:43,sensitivity,sa_morris_t09_p02,4,12548,workspace/sensitivity/config/generated/sa_morris_t09_p02.yaml,"anthroDisturbance_DataPrep,potentialResourcesNT_DataPrep,anthroDisturbance_Generator",preprocessed,data/raw,outputs/sensitivity/sa_morris_t09_p02/rep_004,scratch/sensitivity/sa_morris_t09_p02/rep_004.log,success,
2025-11-28T02:47:41,sensitivity,sa_morris_t09_p03,1,12549,workspace/sensitivity/config/generated/sa_morris_t09_p03.yaml,"anthroDisturbance_DataPrep,potentialResourcesNT_DataPrep,anthroDisturbance_Generator",preprocessed,data/raw,outputs/sensitivity/sa_morris_t09_p03/rep_001,scratch/sensitivity/sa_morris_t09_p03/rep_001.log,success,
2025-11-28T03:20:41,sensitivity,sa_morris_t09_p03,2,12550,workspace/sensitivity/config/generated/sa_morris_t09_p03.yaml,"anthroDisturbance_DataPrep,potentialResourcesNT_DataPrep,anthroDisturbance_Generator",preprocessed,data/raw,outputs/sensitivity/sa_morris_t09_p03/rep_002,scratch/sensitivity/sa_morris_t09_p03/rep_002.log,success,
2025-11-28T03:51:21,sensitivity,sa_morris_t09_p03,3,12551,workspace/sensitivity/config/generated/sa_morris_t09_p03.yaml,"anthroDisturbance_DataPrep,potentialResourcesNT_DataPrep,anthroDisturbance_Generator",preprocessed,data/raw,outputs/sensitivity/sa_morris_t09_p03/rep_003,scratch/sensitivity/sa_morris_t09_p03/rep_003.log,success,
2025-11-28T04:24:25,sensitivity,sa_morris_t09_p03,4,12552,workspace/sensitivity/config/generated/sa_morris_t09_p03.yaml,"anthroDisturbance_DataPrep,potentialResourcesNT_DataPrep,anthroDisturbance_Generator",preprocessed,data/raw,outputs/sensitivity/sa_morris_t09_p03/rep_004,scratch/sensitivity/sa_morris_t09_p03/rep_004.log,success,
2025-12-23T14:49:01,sensitivity,sa_morris_t09_p04,1,12553,workspace/sensitivity/config/generated/sa_morris_t09_p04.yaml,"anthroDisturbance_DataPrep,potentialResourcesNT_DataPrep,anthroDisturbance_Generator",preprocessed,data/raw,outputs/sensitivity/sa_morris_t09_p04/rep_001,scratch/sensitivity/sa_morris_t09_p04/rep_001.log,success,
2025-12-23T15:15:50,sensitivity,sa_morris_t09_p04,2,12554,workspace/sensitivity/config/generated/sa_morris_t09_p04.yaml,"anthroDisturbance_DataPrep,potentialResourcesNT_DataPrep,anthroDisturbance_Generator",preprocessed,data/raw,outputs/sensitivity/sa_morris_t09_p04/rep_002,scratch/sensitivity/sa_morris_t09_p04/rep_002.log,success,
2025-12-23T15:43:25,sensitivity,sa_morris_t09_p04,3,12555,workspace/sensitivity/config/generated/sa_morris_t09_p04.yaml,"anthroDisturbance_DataPrep,potentialResourcesNT_DataPrep,anthroDisturbance_Generator",preprocessed,data/raw,outputs/sensitivity/sa_morris_t09_p04/rep_003,scratch/sensitivity/sa_morris_t09_p04/rep_003.log,success,
2025-12-23T16:11:49,sensitivity,sa_morris_t09_p04,4,12556,workspace/sensitivity/config/generated/sa_morris_t09_p04.yaml,"anthroDisturbance_DataPrep,potentialResourcesNT_DataPrep,anthroDisturbance_Generator",preprocessed,data/raw,outputs/sensitivity/sa_morris_t09_p04/rep_004,scratch/sensitivity/sa_morris_t09_p04/rep_004.log,success,
2025-12-26T13:09:21,sensitivity,sa_morris_t09_p05,1,12557,workspace/sensitivity/config/generated/sa_morris_t09_p05.yaml,"anthroDisturbance_DataPrep,potentialResourcesNT_DataPrep,anthroDisturbance_Generator",preprocessed,data/raw,outputs/sensitivity/sa_morris_t09_p05/rep_001,scratch/sensitivity/sa_morris_t09_p05/rep_001.log,success,
2025-12-26T13:36:52,sensitivity,sa_morris_t09_p05,2,12558,workspace/sensitivity/config/generated/sa_morris_t09_p05.yaml,"anthroDisturbance_DataPrep,potentialResourcesNT_DataPrep,anthroDisturbance_Generator",preprocessed,data/raw,outputs/sensitivity/sa_morris_t09_p05/rep_002,scratch/sensitivity/sa_morris_t09_p05/rep_002.log,success,
2025-12-26T14:04:16,sensitivity,sa_morris_t09_p05,3,12559,workspace/sensitivity/config/generated/sa_morris_t09_p05.yaml,"anthroDisturbance_DataPrep,potentialResourcesNT_DataPrep,anthroDisturbance_Generator",preprocessed,data/raw,outputs/sensitivity/sa_morris_t09_p05/rep_003,scratch/sensitivity/sa_morris_t09_p05/rep_003.log,success,
2025-12-26T14:31:57,sensitivity,sa_morris_t09_p05,4,12560,workspace/sensitivity/config/generated/sa_morris_t09_p05.yaml,"anthroDisturbance_DataPrep,potentialResourcesNT_DataPrep,anthroDisturbance_Generator",preprocessed,data/raw,outputs/sensitivity/sa_morris_t09_p05/rep_004,scratch/sensitivity/sa_morris_t09_p05/rep_004.log,success,
2025-11-28T06:43:11,sensitivity,sa_morris_t10_p00,1,12561,workspace/sensitivity/config/generated/sa_morris_t10_p00.yaml,"anthroDisturbance_DataPrep,potentialResourcesNT_DataPrep,anthroDisturbance_Generator",preprocessed,data/raw,outputs/sensitivity/sa_morris_t10_p00/rep_001,scratch/sensitivity/sa_morris_t10_p00/rep_001.log,success,
2025-11-28T07:15:52,sensitivity,sa_morris_t10_p00,2,12562,workspace/sensitivity/config/generated/sa_morris_t10_p00.yaml,"anthroDisturbance_DataPrep,potentialResourcesNT_DataPrep,anthroDisturbance_Generator",preprocessed,data/raw,outputs/sensitivity/sa_morris_t10_p00/rep_002,scratch/sensitivity/sa_morris_t10_p00/rep_002.log,success,
2025-11-28T07:46:13,sensitivity,sa_morris_t10_p00,3,12563,workspace/sensitivity/config/generated/sa_morris_t10_p00.yaml,"anthroDisturbance_DataPrep,potentialResourcesNT_DataPrep,anthroDisturbance_Generator",preprocessed,data/raw,outputs/sensitivity/sa_morris_t10_p00/rep_003,scratch/sensitivity/sa_morris_t10_p00/rep_003.log,success,
2025-11-28T08:16:44,sensitivity,sa_morris_t10_p00,4,12564,workspace/sensitivity/config/generated/sa_morris_t10_p00.yaml,"anthroDisturbance_DataPrep,potentialResourcesNT_DataPrep,anthroDisturbance_Generator",preprocessed,data/raw,outputs/sensitivity/sa_morris_t10_p00/rep_004,scratch/sensitivity/sa_morris_t10_p00/rep_004.log,success,
2025-12-23T16:49:09,sensitivity,sa_morris_t10_p01,1,12565,workspace/sensitivity/config/generated/sa_morris_t10_p01.yaml,"anthroDisturbance_DataPrep,potentialResourcesNT_DataPrep,anthroDisturbance_Generator",preprocessed,data/raw,outputs/sensitivity/sa_morris_t10_p01/rep_001,scratch/sensitivity/sa_morris_t10_p01/rep_001.log,success,
2025-12-23T17:19:15,sensitivity,sa_morris_t10_p01,2,12566,workspace/sensitivity/config/generated/sa_morris_t10_p01.yaml,"anthroDisturbance_DataPrep,potentialResourcesNT_DataPrep,anthroDisturbance_Generator",preprocessed,data/raw,outputs/sensitivity/sa_morris_t10_p01/rep_002,scratch/sensitivity/sa_morris_t10_p01/rep_002.log,success,
2025-12-23T17:51:17,sensitivity,sa_morris_t10_p01,3,12567,workspace/sensitivity/config/generated/sa_morris_t10_p01.yaml,"anthroDisturbance_DataPrep,potentialResourcesNT_DataPrep,anthroDisturbance_Generator",preprocessed,data/raw,outputs/sensitivity/sa_morris_t10_p01/rep_003,scratch/sensitivity/sa_morris_t10_p01/rep_003.log,success,
2025-11-28T09:42:35,sensitivity,sa_morris_t10_p01,4,12568,workspace/sensitivity/config/generated/sa_morris_t10_p01.yaml,"anthroDisturbance_DataPrep,potentialResourcesNT_DataPrep,anthroDisturbance_Generator",preprocessed,data/raw,outputs/sensitivity/sa_morris_t10_p01/rep_004,scratch/sensitivity/sa_morris_t10_p01/rep_004.log,success,
2025-11-28T10:14:57,sensitivity,sa_morris_t10_p02,1,12569,workspace/sensitivity/config/generated/sa_morris_t10_p02.yaml,"anthroDisturbance_DataPrep,potentialResourcesNT_DataPrep,anthroDisturbance_Generator",preprocessed,data/raw,outputs/sensitivity/sa_morris_t10_p02/rep_001,scratch/sensitivity/sa_morris_t10_p02/rep_001.log,success,
2025-11-28T10:45:59,sensitivity,sa_morris_t10_p02,2,12570,workspace/sensitivity/config/generated/sa_morris_t10_p02.yaml,"anthroDisturbance_DataPrep,potentialResourcesNT_DataPrep,anthroDisturbance_Generator",preprocessed,data/raw,outputs/sensitivity/sa_morris_t10_p02/rep_002,scratch/sensitivity/sa_morris_t10_p02/rep_002.log,success,
2025-11-28T11:17:38,sensitivity,sa_morris_t10_p02,3,12571,workspace/sensitivity/config/generated/sa_morris_t10_p02.yaml,"anthroDisturbance_DataPrep,potentialResourcesNT_DataPrep,anthroDisturbance_Generator",preprocessed,data/raw,outputs/sensitivity/sa_morris_t10_p02/rep_003,scratch/sensitivity/sa_morris_t10_p02/rep_003.log,success,
2025-11-28T11:49:10,sensitivity,sa_morris_t10_p02,4,12572,workspace/sensitivity/config/generated/sa_morris_t10_p02.yaml,"anthroDisturbance_DataPrep,potentialResourcesNT_DataPrep,anthroDisturbance_Generator",preprocessed,data/raw,outputs/sensitivity/sa_morris_t10_p02/rep_004,scratch/sensitivity/sa_morris_t10_p02/rep_004.log,success,
2025-12-26T15:04:03,sensitivity,sa_morris_t10_p03,1,12573,workspace/sensitivity/config/generated/sa_morris_t10_p03.yaml,"anthroDisturbance_DataPrep,potentialResourcesNT_DataPrep,anthroDisturbance_Generator",preprocessed,data/raw,outputs/sensitivity/sa_morris_t10_p03/rep_001,scratch/sensitivity/sa_morris_t10_p03/rep_001.log,success,
2025-12-26T15:35:30,sensitivity,sa_morris_t10_p03,2,12574,workspace/sensitivity/config/generated/sa_morris_t10_p03.yaml,"anthroDisturbance_DataPrep,potentialResourcesNT_DataPrep,anthroDisturbance_Generator",preprocessed,data/raw,outputs/sensitivity/sa_morris_t10_p03/rep_002,scratch/sensitivity/sa_morris_t10_p03/rep_002.log,success,
2025-11-28T12:42:35,sensitivity,sa_morris_t10_p03,3,12575,workspace/sensitivity/config/generated/sa_morris_t10_p03.yaml,"anthroDisturbance_DataPrep,potentialResourcesNT_DataPrep,anthroDisturbance_Generator",preprocessed,data/raw,outputs/sensitivity/sa_morris_t10_p03/rep_003,scratch/sensitivity/sa_morris_t10_p03/rep_003.log,success,
2025-11-28T13:13:21,sensitivity,sa_morris_t10_p03,4,12576,workspace/sensitivity/config/generated/sa_morris_t10_p03.yaml,"anthroDisturbance_DataPrep,potentialResourcesNT_DataPrep,anthroDisturbance_Generator",preprocessed,data/raw,outputs/sensitivity/sa_morris_t10_p03/rep_004,scratch/sensitivity/sa_morris_t10_p03/rep_004.log,success,
2025-12-26T16:05:40,sensitivity,sa_morris_t10_p04,1,12577,workspace/sensitivity/config/generated/sa_morris_t10_p04.yaml,"anthroDisturbance_DataPrep,potentialResourcesNT_DataPrep,anthroDisturbance_Generator",preprocessed,data/raw,outputs/sensitivity/sa_morris_t10_p04/rep_001,scratch/sensitivity/sa_morris_t10_p04/rep_001.log,success,
2025-11-28T13:53:19,sensitivity,sa_morris_t10_p04,2,12578,workspace/sensitivity/config/generated/sa_morris_t10_p04.yaml,"anthroDisturbance_DataPrep,potentialResourcesNT_DataPrep,anthroDisturbance_Generator",preprocessed,data/raw,outputs/sensitivity/sa_morris_t10_p04/rep_002,scratch/sensitivity/sa_morris_t10_p04/rep_002.log,success,
2025-11-28T14:24:01,sensitivity,sa_morris_t10_p04,3,12579,workspace/sensitivity/config/generated/sa_morris_t10_p04.yaml,"anthroDisturbance_DataPrep,potentialResourcesNT_DataPrep,anthroDisturbance_Generator",preprocessed,data/raw,outputs/sensitivity/sa_morris_t10_p04/rep_003,scratch/sensitivity/sa_morris_t10_p04/rep_003.log,success,
2025-11-28T14:56:34,sensitivity,sa_morris_t10_p04,4,12580,workspace/sensitivity/config/generated/sa_morris_t10_p04.yaml,"anthroDisturbance_DataPrep,potentialResourcesNT_DataPrep,anthroDisturbance_Generator",preprocessed,data/raw,outputs/sensitivity/sa_morris_t10_p04/rep_004,scratch/sensitivity/sa_morris_t10_p04/rep_004.log,success,
2025-12-26T16:35:32,sensitivity,sa_morris_t10_p05,1,12581,workspace/sensitivity/config/generated/sa_morris_t10_p05.yaml,"anthroDisturbance_DataPrep,potentialResourcesNT_DataPrep,anthroDisturbance_Generator",preprocessed,data/raw,outputs/sensitivity/sa_morris_t10_p05/rep_001,scratch/sensitivity/sa_morris_t10_p05/rep_001.log,success,
2025-11-28T15:37:46,sensitivity,sa_morris_t10_p05,2,12582,workspace/sensitivity/config/generated/sa_morris_t10_p05.yaml,"anthroDisturbance_DataPrep,potentialResourcesNT_DataPrep,anthroDisturbance_Generator",preprocessed,data/raw,outputs/sensitivity/sa_morris_t10_p05/rep_002,scratch/sensitivity/sa_morris_t10_p05/rep_002.log,success,
2025-11-28T16:08:59,sensitivity,sa_morris_t10_p05,3,12583,workspace/sensitivity/config/generated/sa_morris_t10_p05.yaml,"anthroDisturbance_DataPrep,potentialResourcesNT_DataPrep,anthroDisturbance_Generator",preprocessed,data/raw,outputs/sensitivity/sa_morris_t10_p05/rep_003,scratch/sensitivity/sa_morris_t10_p05/rep_003.log,success,
2025-12-26T17:05:14,sensitivity,sa_morris_t10_p05,4,12584,workspace/sensitivity/config/generated/sa_morris_t10_p05.yaml,"anthroDisturbance_DataPrep,potentialResourcesNT_DataPrep,anthroDisturbance_Generator",preprocessed,data/raw,outputs/sensitivity/sa_morris_t10_p05/rep_004,scratch/sensitivity/sa_morris_t10_p05/rep_004.log,success,
