id,tier,requirement,acceptance,evidence_ref,metric_ref,cadence
GATE-UT,Gate checks,Repo unit tests + coverage (all modules),"All unit tests pass; min coverage >= 70%.","junit_bundle:outputs/traceability/unit_tests/anthroDisturbance_Generator/junit,outputs/traceability/unit_tests/anthroDisturbance_DataPrep/junit,outputs/traceability/unit_tests/potentialResourcesNT_DataPrep/junit;coverage_bundle:outputs/traceability/unit_tests/anthroDisturbance_Generator/coverage.txt,outputs/traceability/unit_tests/anthroDisturbance_DataPrep/coverage.txt,outputs/traceability/unit_tests/potentialResourcesNT_DataPrep/coverage.txt?min=70","junit_bundle:outputs/traceability/unit_tests/anthroDisturbance_Generator/junit,outputs/traceability/unit_tests/anthroDisturbance_DataPrep/junit,outputs/traceability/unit_tests/potentialResourcesNT_DataPrep/junit;coverage_bundle:outputs/traceability/unit_tests/anthroDisturbance_Generator/coverage.txt,outputs/traceability/unit_tests/anthroDisturbance_DataPrep/coverage.txt,outputs/traceability/unit_tests/potentialResourcesNT_DataPrep/coverage.txt?min=70","CI (per PR)"
DP-01,Benchmark evidence,ODD 7.1 createDisturbanceList loads/filters/merges inputs and returns nested disturbance list,"All createDisturbanceList unit tests pass (loading stubs, filtering, merging, caching).","junit:outputs/traceability/unit_tests/anthroDisturbance_DataPrep/junit/test-createDisturbanceList.xml","junit:outputs/traceability/unit_tests/anthroDisturbance_DataPrep/junit/test-createDisturbanceList.xml","CI (per PR)"
DP-02,Benchmark evidence,ODD 7.1 harmonizeList merges duplicate classes while excluding patterns (e.g. potential),"harmonizeList unit tests pass for merge and exclude semantics.","junit:outputs/traceability/unit_tests/anthroDisturbance_DataPrep/junit/test-harmonizeList.xml","junit:outputs/traceability/unit_tests/anthroDisturbance_DataPrep/junit/test-harmonizeList.xml","CI (per PR)"
PR-01,Benchmark evidence,ODD 7.2 createPotentialMining combines mining claim/permit evidence into a single Potential layer,"makePotentialMining unit tests pass (status prioritization, dropping unknown statuses, CRS handling).","junit:outputs/traceability/unit_tests/potentialResourcesNT_DataPrep/junit/test-makePotentialMining.xml","junit:outputs/traceability/unit_tests/potentialResourcesNT_DataPrep/junit/test-makePotentialMining.xml","CI (per PR)"
PR-02,Benchmark evidence,ODD 7.2 createPotentialOilGas combines prospectivity and claims into Potential with claims prioritized,"makePotentialOilGas unit tests pass (Potential mapping, claim overrides, error handling).","junit:outputs/traceability/unit_tests/potentialResourcesNT_DataPrep/junit/test-makePotentialOilGas.xml","junit:outputs/traceability/unit_tests/potentialResourcesNT_DataPrep/junit/test-makePotentialOilGas.xml","CI (per PR)"
PR-03,Benchmark evidence,ODD 7.2 createPotentialSeismicLines derives seismic Potential from oil/gas potential and claims,"makePotentialSeismicLines unit tests pass (Potential derivation, claim overrides, input validation).","junit:outputs/traceability/unit_tests/potentialResourcesNT_DataPrep/junit/test-makePotentialSeismicLines.xml","junit:outputs/traceability/unit_tests/potentialResourcesNT_DataPrep/junit/test-makePotentialSeismicLines.xml","CI (per PR)"
PR-04,Benchmark evidence,ODD 7.2 createPotentialCutblocks derives forestry Potential layer from candidate cutblocks,"makePotentialCutblocks unit tests pass (suitability filtering + NULL/empty handling).","junit:outputs/traceability/unit_tests/potentialResourcesNT_DataPrep/junit/test-makePotentialCutblocks.xml","junit:outputs/traceability/unit_tests/potentialResourcesNT_DataPrep/junit/test-makePotentialCutblocks.xml","CI (per PR)"
GEN-CAP-01,Benchmark evidence,ODD 7.3 rates + scheduling honored,"Rate + scheduling unit tests pass (calculateRate, calculateSize, whichDisturbancesToGenerate).","junit_bundle:outputs/traceability/unit_tests/anthroDisturbance_Generator/junit?include_regex=calculateRate|calculateSize|whichDisturbancesToGenerate","junit_bundle:outputs/traceability/unit_tests/anthroDisturbance_Generator/junit?include_regex=calculateRate|calculateSize|whichDisturbancesToGenerate","CI (per PR)"
GEN-CAP-02,Benchmark evidence,ODD 7.4 masking/avoidance constraints enforced,"Masking + filtering unit tests pass (generateDisturbancesShp, extractNonPotentialLayers, cleanupList, createCropLayFinalYear1).","junit_bundle:outputs/traceability/unit_tests/anthroDisturbance_Generator/junit?include_regex=generateDisturbancesShp|extractNonPotentialLayers|cleanupList|createCropLayFinalYear1","junit_bundle:outputs/traceability/unit_tests/anthroDisturbance_Generator/junit?include_regex=generateDisturbancesShp|extractNonPotentialLayers|cleanupList|createCropLayFinalYear1","CI (per PR)"
GEN-CAP-03,Benchmark evidence,ODD 7.4 buffer/influence-zone logic consistent,"Buffer + line geometry tests pass (createBufferedDisturbances, generateLine, calculateLineAngle, getRasterMiddlePoint).","junit_bundle:outputs/traceability/unit_tests/anthroDisturbance_Generator/junit?include_regex=createBufferedDisturbances|generateLine|calculateLineAngle|getRasterMiddlePoint","junit_bundle:outputs/traceability/unit_tests/anthroDisturbance_Generator/junit?include_regex=createBufferedDisturbances|generateLine|calculateLineAngle|getRasterMiddlePoint","CI (per PR)"
GEN-CAP-04,Benchmark evidence,ODD 7.4 linear clustering + placement behaves as specified,"Linear clustering tests pass (clusterLines, simulateLines).","junit_bundle:outputs/traceability/unit_tests/anthroDisturbance_Generator/junit?include_regex=clusterLines|simulateLines","junit_bundle:outputs/traceability/unit_tests/anthroDisturbance_Generator/junit?include_regex=clusterLines|simulateLines","CI (per PR)"
GEN-CAP-05,Benchmark evidence,ODD 7.5 layer integration + persistence,"Integration + persistence tests pass (replaceListFast, saveDisturbances, anthroDisturbance_Generator, createModObject, disturbanceInfoFromECCC, wrapTerraList, grepMulti).","junit_bundle:outputs/traceability/unit_tests/anthroDisturbance_Generator/junit?include_regex=replaceListFast|saveDisturbances|anthroDisturbance_Generator|createModObject|disturbanceInfoFromECCC|wrapTerraList|grepMulti","junit_bundle:outputs/traceability/unit_tests/anthroDisturbance_Generator/junit?include_regex=replaceListFast|saveDisturbances|anthroDisturbance_Generator|createModObject|disturbanceInfoFromECCC|wrapTerraList|grepMulti","CI (per PR)"
WS-01,Benchmark evidence,Workspace system suite runs complete successfully,"Latest status per (run_name, replicate) for system runs is success.","runs_csv:docs/traceability/evidence/suite_runs/system_runs.csv?include_run_name_regex=^system_","runs_csv:docs/traceability/evidence/suite_runs/system_runs.csv?include_run_name_regex=^system_","Snapshot (manual)"
WS-02,Benchmark evidence,Workspace ADQD validation suite runs complete successfully,"Latest status per (run_name, replicate) for ADQD validation runs is success.","runs_csv:docs/traceability/evidence/suite_runs/adqd_validation_runs.csv?include_run_name_regex=^ADQD_","runs_csv:docs/traceability/evidence/suite_runs/adqd_validation_runs.csv?include_run_name_regex=^ADQD_","Snapshot (manual)"
WS-03,Benchmark evidence,Workspace sensitivity suite runs complete successfully,"Latest status per (run_name, replicate) for sensitivity runs is success.","runs_csv:docs/traceability/evidence/suite_runs/sensitivity_runs.csv?include_run_name_regex=^sa_","runs_csv:docs/traceability/evidence/suite_runs/sensitivity_runs.csv?include_run_name_regex=^sa_","Snapshot (manual)"
WS-04,Benchmark evidence,Workspace uncertainty suite runs complete successfully,"Latest status per (run_name, replicate) for uncertainty runs is success.","runs_csv:docs/traceability/evidence/suite_runs/uncertainty_runs.csv?include_run_name_regex=^ua_","runs_csv:docs/traceability/evidence/suite_runs/uncertainty_runs.csv?include_run_name_regex=^ua_","Snapshot (manual)"
MET-UA-KEY,Benchmark evidence,Uncertainty suite key metrics summary is produced and parseable,"ua_key_metrics_summary.csv is present and reports medians + uncertainty magnitudes (CV/IQR, shifts).","ua_key_metrics_csv:docs/traceability/evidence/metrics/ua_key_metrics_summary.csv","ua_key_metrics_csv:docs/traceability/evidence/metrics/ua_key_metrics_summary.csv","Snapshot (manual)"
MET-ADQD-VER,Benchmark evidence,ADQD VERIFICATION metrics summary is produced and parseable,"VERIFICATION ADQD summary CSV is present and key metrics are reported (change prevalence, F1/IoU, QD/AD, rho, linear distance).","adqd_summary_csv:docs/traceability/evidence/metrics/adqd_VERIFICATION__adqd_summary.csv","adqd_summary_csv:docs/traceability/evidence/metrics/adqd_VERIFICATION__adqd_summary.csv","Snapshot (manual)"
MET-ADQD-HOLD,Benchmark evidence,ADQD HOLDOUT metrics summary is produced and parseable,"HOLDOUT ADQD summary CSV is present and key metrics are reported (change prevalence, F1/IoU, QD/AD, rho, linear distance).","adqd_summary_csv:docs/traceability/evidence/metrics/adqd_HOLDOUT__adqd_summary.csv","adqd_summary_csv:docs/traceability/evidence/metrics/adqd_HOLDOUT__adqd_summary.csv","Snapshot (manual)"
MET-ADQD-VER-CAR,Benchmark evidence,ADQD VERIFICATION_CARIBOU metrics summary is produced and parseable,"VERIFICATION_CARIBOU ADQD summary CSV is present and key metrics are reported (change prevalence, F1/IoU, QD/AD, rho, linear distance).","adqd_summary_csv:docs/traceability/evidence/metrics/adqd_VERIFICATION_CARIBOU__adqd_summary.csv","adqd_summary_csv:docs/traceability/evidence/metrics/adqd_VERIFICATION_CARIBOU__adqd_summary.csv","Snapshot (manual)"
MET-ADQD-HOLD-CAR,Benchmark evidence,ADQD HOLDOUT_CARIBOU metrics summary is produced and parseable,"HOLDOUT_CARIBOU ADQD summary CSV is present and key metrics are reported (change prevalence, F1/IoU, QD/AD, rho, linear distance).","adqd_summary_csv:docs/traceability/evidence/metrics/adqd_HOLDOUT_CARIBOU__adqd_summary.csv","adqd_summary_csv:docs/traceability/evidence/metrics/adqd_HOLDOUT_CARIBOU__adqd_summary.csv","Snapshot (manual)"
MET-SA-QC,Benchmark evidence,Sensitivity suite standard metrics summary (pending),"Pending: standard SA pipeline outputs are not currently produced.","file:docs/traceability/evidence/metrics/sa_standard_metrics_pending.txt","file:docs/traceability/evidence/metrics/sa_standard_metrics_pending.txt","Snapshot (manual)"
